"","x"
"100022514-30-A/G",0.40625
"100022516-51-A/C",0.375
"100022529-7-A/T",0.40625
"100022537-35-C/T",0.40625
"100022543-24-C/G",0.28125
"100022549-40-G/A",0.34375
"100022569-40-C/T",0.1875
"100022570-59-C/T",0.3125
"100022573-7-A/G",0.25
"100022577-30-C/A",0.28125
"100022595-42-A/T",0.4375
"100022621-68-C/A",0.21875
"100022650-55-T/A",0.4375
"100022669-63-C/T",0.4375
"100022675-23-C/T",0.25
"100022693-29-G/A",0.21875
"100022696-52-G/A",0.1875
"100022711-53-A/G",0.375
"100022713-6-G/A",0.34375
"100022715-11-C/T",0.40625
"100022719-20-G/T",0.28125
"100022721-11-A/G",0.28125
"100022748-27-C/G",0.375
"100022756-64-T/G",0.34375
"100022766-5-A/G",0.34375
"100022774-45-C/G",0.1875
"100022795-5-G/A",0.28125
"100022799-5-G/A",0.46875
"100022800-64-C/T",0.4375
"100022831-6-C/T",0.25
"100022843-60-G/A",0.15625
"100022860-14-A/T",0.28125
"100022886-37-C/T",0.3125
"100022904-32-T/G",0.34375
"100022961-51-T/A",0.40625
"100022974-68-A/G",0.25
"100022976-16-G/T",0.375
"100022977-66-A/G",0.375
"100022978-56-A/G",0.34375
"100022979-13-C/T",0.21875
"100022982-47-G/C",0.25
"100023036-26-T/G",0.1875
"100023052-65-A/G",0.25
"100023053-32-G/A",0.5
"100023099-22-T/C",0.28125
"100023108-37-T/G",0.375
"100023153-40-G/C",0.40625
"100023156-25-A/G",0.46875
"100023159-24-A/C",0.375
"100023181-12-C/A",0.34375
"100023188-44-C/A",0.21875
"100023191-18-T/G",0.21875
"100023201-5-A/G",0.375
"100023210-21-G/T",0.46875
"100023215-7-T/C",0.375
"100023251-32-T/C",0.28125
"100023254-17-C/G",0.34375
"100023259-9-A/G",0.5
"100023261-35-A/G",0.3125
"100023284-21-T/C",0.375
"100023286-49-A/G",0.21875
"100023309-26-T/A",0.25
"100023331-12-G/A",0.25
"100023334-58-G/A",0.375
"100023338-43-C/T",0.34375
"100023353-15-A/G",0.34375
"100023363-33-T/C",0.1875
"100023375-50-G/T",0.5
"100023376-8-A/C",0.28125
"100023386-7-G/A",0.40625
"100023397-56-G/A",0.28125
"100023407-7-A/C",0.40625
"100023408-54-A/C",0.34375
"100023417-55-C/T",0.3125
"100023419-16-G/A",0.3125
"100023420-32-T/C",0.21875
"100023460-29-G/A",0.375
"100023488-47-T/G",0.34375
"100023489-44-T/C",0.28125
"100023501-6-A/G",0.1875
"100023503-20-T/G",0.40625
"100023507-24-T/A",0.3125
"100023509-34-A/T",0.28125
"100023512-42-A/G",0.25
"100023580-66-C/A",0.25
"100023594-53-C/T",0.40625
"100023619-38-A/G",0.21875
"100023626-27-G/A",0.4375
"100023689-7-A/G",0.21875
"100023702-28-G/A",0.25
"100023716-57-C/G",0.3125
"100023725-5-C/T",0.375
"100023738-42-C/T",0.3125
"100023744-13-T/C",0.375
"100023750-36-T/C",0.34375
"100023753-61-A/G",0.34375
"100023754-31-G/A",0.4375
"100023756-36-C/T",0.3125
"100023775-35-A/G",0.375
"100023797-36-G/C",0.34375
"100023815-40-G/C",0.34375
"100023822-34-C/G",0.25
"100023832-53-C/T",0.3125
"100023844-24-G/C",0.34375
"100023846-26-C/A",0.5
"100023849-50-C/G",0.3125
"100023864-50-C/T",0.25
"100023872-37-T/A",0.28125
"100023894-53-C/A",0.3125
"100023904-23-A/G",0.3125
"100023928-68-A/G",0.28125
"100023945-46-C/T",0.25
"100023948-20-G/T",0.34375
"100023952-19-T/C",0.28125
"100023959-40-G/A",0.46875
"100023973-36-G/C",0.28125
"100023974-50-T/C",0.21875
"100023988-18-T/C",0.1875
"100024003-6-T/C",0.3125
"100024013-29-A/C",0.21875
"100024014-32-A/G",0.21875
"100024020-44-C/T",0.3125
"100024032-5-T/C",0.34375
"100024036-47-A/G",0.21875
"100024057-6-T/A",0.375
"100024060-40-C/G",0.28125
"100024062-55-A/G",0.375
"100024080-60-A/G",0.28125
"100024099-62-A/T",0.21875
"100024101-64-A/G",0.21875
"100024105-57-T/C",0.40625
"100024115-43-T/C",0.21875
"100024140-62-T/A",0.40625
"100024144-67-A/G",0.375
"100024152-60-C/T",0.28125
"100024199-14-T/C",0.34375
"100024204-44-T/C",0.28125
"100024210-47-A/C",0.3125
"100024218-62-T/G",0.3125
"100024242-50-G/A",0.21875
"100024247-49-C/G",0.375
"100024257-14-A/G",0.34375
"100024266-9-A/G",0.28125
"100024286-44-A/G",0.28125
"100024288-68-C/A",0.375
"100024321-28-T/C",0.34375
"100024325-67-A/G",0.46875
"100024371-65-A/G",0.34375
"100024383-32-T/C",0.28125
"100024402-14-C/G",0.40625
"100024441-56-T/C",0.46875
"100024462-60-G/T",0.40625
"100024467-36-C/T",0.1875
"100024472-22-T/C",0.375
"100024501-20-G/A",0.125
"100024515-44-T/C",0.28125
"100024548-55-A/T",0.15625
"100024550-22-T/C",0.375
"100024593-26-C/T",0.1875
"100024604-30-G/T",0.25
"100024606-64-T/C",0.28125
"100024610-23-C/G",0.3125
"100024615-33-C/T",0.40625
"100024632-39-C/T",0.4375
"100024634-28-T/C",0.21875
"100024638-59-C/T",0.28125
"100024683-27-A/G",0.25
"100024703-66-T/C",0.3125
"100024712-53-G/A",0.4375
"100024735-27-T/C",0.28125
"100024768-22-G/A",0.25
"100024788-46-A/C",0.28125
"100024821-49-G/A",0.375
"100024910-20-G/C",0.46875
"100024923-21-T/C",0.4375
"100024941-12-G/C",0.28125
"100024990-68-A/G",0.21875
"100025003-52-G/T",0.40625
"100025019-6-C/A",0.34375
"100025048-54-T/C",0.25
"100025080-8-C/T",0.21875
"100025088-24-C/T",0.40625
"100025126-7-T/C",0.25
"100025147-27-C/A",0.3125
"100025230-28-T/C",0.34375
"100025256-61-C/T",0.375
"100025262-54-T/C",0.28125
"100025294-20-G/A",0.40625
"100025309-40-G/T",0.40625
"100025310-63-T/A",0.3125
"100025341-63-G/A",0.375
"100025364-10-C/T",0.40625
"100025398-40-A/G",0.21875
"100025411-37-C/T",0.28125
"100025450-30-C/T",0.375
"100025451-8-T/G",0.46875
"100025454-40-C/A",0.21875
"100025463-61-C/A",0.21875
"100025466-9-T/C",0.4375
"100025467-54-G/A",0.34375
"100025496-13-A/G",0.34375
"100025501-52-T/C",0.09375
"100025503-9-A/G",0.1875
"100025549-13-G/A",0.28125
"100025560-59-G/T",0.3125
"100025610-31-C/T",0.375
"100025616-50-A/T",0.28125
"100025617-14-A/G",0.34375
"100025618-55-T/C",0.15625
"100025624-62-C/T",0.25
"100025625-38-A/G",0.28125
"100025628-22-C/A",0.21875
"100025662-11-A/T",0.1875
"100025723-24-G/T",0.40625
"100025737-12-G/T",0.25
"100025773-12-T/A",0.25
"100025776-44-C/G",0.4375
"100025781-24-T/C",0.3125
"100025830-8-G/C",0.34375
"100025833-55-T/C",0.375
"100025846-15-A/G",0.34375
"100025867-38-G/A",0.34375
"100025881-66-A/G",0.28125
"100025919-44-A/G",0.28125
"100025952-29-C/A",0.34375
"100025956-49-G/A",0.375
"100025961-61-C/T",0.21875
"100025967-22-C/A",0.28125
"100025984-42-T/G",0.34375
"100026009-48-C/T",0.34375
"100026010-42-T/G",0.4375
"100026012-47-A/G",0.28125
"100026015-57-G/A",0.25
"100026018-43-T/C",0.28125
"100026058-35-T/A",0.40625
"100026080-32-A/G",0.34375
"100026084-21-A/G",0.28125
"100026135-30-A/G",0.46875
"100026184-67-A/C",0.375
"100026188-53-A/T",0.28125
"100026207-45-A/G",0.25
"100026209-18-C/T",0.4375
"100026247-42-A/T",0.1875
"100026256-19-A/C",0.34375
"100026278-42-A/G",0.21875
"100026333-6-A/C",0.28125
"100026387-7-C/T",0.34375
"100026403-11-A/T",0.3125
"100026415-52-A/C",0.1875
"100026439-32-C/A",0.28125
"100026466-30-T/C",0.4375
"100026472-28-G/A",0.25
"100026477-58-C/T",0.40625
"100026480-62-G/A",0.3125
"100026482-46-A/G",0.28125
"100026492-63-C/T",0.375
"100026500-20-A/G",0.34375
"100026533-5-C/T",0.34375
"100026548-18-T/C",0.34375
"100027577-23-G/A",0.21875
"100027647-10-T/G",0.46875
"100027663-28-G/T",0.3125
"100027695-24-G/A",0.3125
"100027836-11-C/G",0.4375
"100028052-8-G/C",0.25
"100028102-7-C/T",0.28125
"100028146-29-C/G",0.4375
"100028168-33-A/G",0.1875
"100028245-10-G/A",0.1875
"100028716-6-A/G",0.375
"100028745-10-T/C",0.40625
"100028752-14-T/C",0.375
"100028763-17-T/G",0.28125
"100028773-12-T/A",0.25
"100028785-7-A/G",0.34375
"100028794-24-C/T",0.15625
"100028798-21-T/C",0.1875
"100028805-21-T/A",0.375
"100028807-9-T/G",0.21875
"100028817-60-C/T",0.34375
"100028823-21-T/C",0.46875
"100028825-11-T/A",0.34375
"100028834-11-C/A",0.3125
"100028845-21-G/A",0.375
"100028847-20-A/G",0.25
"100028848-25-T/C",0.21875
"100028849-53-A/G",0.1875
"100028851-29-A/G",0.375
"100028856-62-A/G",0.3125
"100028859-9-G/C",0.375
"100028863-16-A/C",0.3125
"100028867-31-T/C",0.28125
"100028872-61-C/T",0.15625
"100028880-13-A/G",0.25
"100028882-12-C/T",0.34375
"100028883-19-C/T",0.3125
"100028891-15-C/A",0.28125
"100028898-33-T/A",0.375
"100028900-7-C/T",0.46875
"100028911-19-G/A",0.3125
"100028942-10-G/A",0.4375
"100028956-19-G/T",0.375
"100028976-48-A/C",0.375
"100028978-5-G/A",0.25
"100028983-14-C/A",0.25
"100028985-58-T/A",0.3125
"100028994-21-G/C",0.4375
"100029001-42-G/A",0.34375
"100029002-53-T/G",0.25
"100029026-42-C/T",0.34375
"100029027-46-T/C",0.3125
"100029044-47-G/A",0.3125
"100029053-46-T/C",0.3125
"100029063-28-C/T",0.25
"100029068-12-A/C",0.15625
"100029072-27-T/C",0.1875
"100029078-10-T/C",0.21875
"100029084-7-G/A",0.15625
"100029106-37-A/T",0.28125
"100029116-33-T/G",0.5
"100029118-19-T/A",0.375
"100029122-29-T/G",0.25
"100029127-17-A/G",0.21875
"100029137-18-C/G",0.1875
"100029141-30-A/C",0.40625
"100029164-30-T/A",0.21875
"100029179-31-C/T",0.53125
"100029181-34-T/C",0.34375
"100029189-24-G/A",0.25
"100029207-31-C/G",0.375
"100029211-43-A/C",0.25
"100029211-59-A/G",0.34375
"100029226-15-C/G",0.15625
"100029233-33-C/G",0.34375
"100029241-33-T/A",0.1875
"100029245-22-T/G",0.21875
"100029246-24-T/C",0.4375
"100029248-31-G/T",0.28125
"100029254-12-C/A",0.5
"100029255-27-A/G",0.1875
"100029280-15-T/A",0.21875
"100029283-11-T/G",0.28125
"100029288-22-A/G",0.21875
"100029291-62-T/C",0.15625
"100029292-51-A/C",0.3125
"100029300-11-T/G",0.25
"100029329-39-A/G",0.21875
"100029359-22-T/C",0.46875
"100029381-16-G/A",0.4375
"100029385-20-A/G",0.3125
"100029387-27-G/A",0.21875
"100029415-29-C/T",0.3125
"100029419-8-C/T",0.3125
"100029426-56-A/G",0.21875
"100029430-19-C/T",0.375
"100029433-11-A/T",0.4375
"100029457-9-A/T",0.40625
"100029468-27-C/T",0.375
"100029470-5-A/G",0.25
"100029487-33-A/G",0.125
"100029501-45-T/A",0.34375
"100029502-63-A/G",0.34375
"100029517-37-G/A",0.375
"100029543-16-G/A",0.15625
"100029545-33-T/G",0.3125
"100029547-11-C/A",0.5
"100029550-11-C/A",0.34375
"100029564-12-A/T",0.375
"100029587-31-A/T",0.25
"100029599-58-G/A",0.375
"100029613-15-G/A",0.28125
"100029618-34-A/C",0.53125
"100029647-50-C/T",0.25
"100029650-24-A/T",0.25
"100029657-8-C/T",0.34375
"100029659-20-A/G",0.375
"100029662-57-G/A",0.28125
"100029677-15-G/A",0.4375
"100029686-25-A/G",0.34375
"100029694-27-T/C",0.375
"100029715-6-A/T",0.3125
"100029720-10-T/G",0.34375
"100029723-30-C/A",0.4375
"100029743-31-C/A",0.28125
"100029746-33-A/T",0.34375
"100029755-66-C/T",0.28125
"100029759-23-G/A",0.28125
"100029760-19-T/G",0.40625
"100029806-31-C/T",0.375
"100029815-11-G/A",0.25
"100029826-14-A/C",0.1875
"100029830-11-A/G",0.5
"100029842-46-A/C",0.25
"100029852-9-A/G",0.1875
"100029860-20-C/T",0.28125
"100029863-26-G/A",0.21875
"100029882-35-A/G",0.375
"100029886-13-G/A",0.40625
"100029911-32-A/G",0.3125
"100029919-6-T/A",0.375
"100029943-33-A/T",0.3125
"100029947-6-C/T",0.34375
"100029949-45-T/C",0.3125
"100029962-24-C/T",0.28125
"100029966-11-C/T",0.40625
"100029973-66-A/G",0.1875
"100029982-12-T/G",0.28125
"100029984-32-G/A",0.4375
"100029986-33-G/C",0.34375
"100029993-50-G/T",0.34375
"100030029-66-A/G",0.1875
"100030032-46-T/G",0.3125
"100030044-64-C/A",0.28125
"100030072-11-A/G",0.3125
"100030078-26-C/T",0.34375
"100030088-18-A/C",0.375
"100030096-9-T/C",0.375
"100030113-10-A/G",0.34375
"100030116-36-A/G",0.3125
"100030120-14-G/A",0.375
"100030131-7-G/T",0.25
"100030132-36-A/C",0.21875
"100030147-19-C/T",0.25
"100030147-22-G/T",0.25
"100030160-11-A/G",0.3125
"100030169-10-C/T",0.46875
"100030170-12-T/A",0.28125
"100030185-24-T/G",0.3125
"100030190-11-G/C",0.3125
"100030200-22-T/G",0.375
"100030201-36-G/T",0.3125
"100030208-22-T/C",0.40625
"100030216-58-C/T",0.21875
"100030221-25-G/C",0.34375
"100030245-18-A/C",0.34375
"100030265-33-T/G",0.125
"100030293-9-A/G",0.28125
"100030332-19-C/T",0.1875
"100030337-19-A/G",0.34375
"100030347-51-T/A",0.3125
"100030573-33-G/C",0.21875
"100030579-12-T/C",0.34375
"100030583-8-A/G",0.375
"100030586-11-A/T",0.25
"100030627-35-T/C",0.46875
"100030650-9-C/T",0.1875
"100030661-46-C/T",0.15625
"100030679-12-T/G",0.34375
"100030693-8-C/T",0.28125
"100030708-8-C/T",0.4375
"100030718-11-T/A",0.3125
"100030743-18-A/G",0.375
"100030750-11-T/G",0.34375
"100030767-16-G/A",0.34375
"100030777-5-A/G",0.25
"100030803-6-C/T",0.25
"100030813-9-G/A",0.375
"100030821-9-C/A",0.375
"100030838-11-G/T",0.3125
"100030847-31-C/A",0.25
"100030856-27-A/G",0.25
"100030876-35-C/T",0.28125
"100030876-46-G/A",0.40625
"100030879-23-T/A",0.46875
"100030964-34-T/C",0.34375
"100031008-33-G/T",0.3125
"100031135-46-G/A",0.46875
"100031152-9-G/T",0.21875
"100031152-33-T/C",0.28125
"100031160-31-T/A",0.375
"100031160-66-T/C",0.15625
"100031167-11-G/A",0.375
"100031179-64-C/G",0.34375
"100031181-14-A/G",0.28125
"100031181-33-G/T",0.28125
"100031185-12-A/C",0.3125
"100031185-33-T/A",0.3125
"100031190-17-C/T",0.25
"100031191-30-G/A",0.40625
"100031226-10-A/G",0.28125
"100031226-31-C/G",0.28125
"100031229-20-T/C",0.15625
"100031230-10-T/C",0.1875
"100031236-46-A/G",0.375
"100031240-51-A/G",0.21875
"100031243-27-T/A",0.375
"100031244-31-T/C",0.375
"100031245-24-T/C",0.21875
"100031256-51-T/C",0.125
"100031263-6-A/G",0.3125
"100031266-9-G/A",0.3125
"100031266-42-C/G",0.25
"100031275-47-G/A",0.21875
"100031280-16-G/A",0.25
"100031281-58-T/C",0.3125
"100031285-31-G/A",0.375
"100031294-9-G/A",0.3125
"100031294-33-A/G",0.34375
"100031296-33-G/A",0.1875
"100031296-50-G/A",0.34375
"100031298-9-C/T",0.28125
"100031316-11-A/G",0.28125
"100031316-60-A/G",0.375
"100031326-61-G/C",0.21875
"100031343-21-A/G",0.21875
"100031347-10-A/G",0.375
"100031347-25-T/C",0.40625
"100031351-8-C/T",0.28125
"100031353-10-C/T",0.375
"100031365-18-T/C",0.28125
"100031371-12-T/C",0.25
"100031371-65-T/C",0.25
"100031375-19-G/A",0.21875
"100031375-31-C/T",0.4375
"100031381-6-G/T",0.375
"100031381-21-A/G",0.40625
"100031387-29-T/C",0.28125
"100031387-48-T/C",0.3125
"100031389-44-C/T",0.25
"100031390-52-C/T",0.15625
"100031398-31-C/T",0.28125
"100031401-23-A/G",0.3125
"100031401-63-T/C",0.375
"100031403-5-G/A",0.375
"100031405-54-G/A",0.28125
"100031410-10-T/A",0.34375
"100031411-11-C/A",0.28125
"100031413-33-C/A",0.3125
"100031416-18-G/A",0.28125
"100031417-67-G/C",0.3125
"100031422-26-A/G",0.25
"100031427-10-A/C",0.3125
"100031430-7-A/T",0.25
"100031432-24-T/G",0.3125
"100031438-11-A/G",0.3125
"100031438-21-A/G",0.46875
"100031440-33-T/C",0.3125
"100031447-11-G/A",0.25
"100031447-36-A/G",0.3125
"100031450-31-C/G",0.34375
"100031455-48-G/A",0.3125
"100031462-10-C/T",0.40625
"100031493-12-G/T",0.28125
"100031498-19-T/C",0.375
"100031498-46-T/C",0.25
"100031503-31-A/G",0.21875
"100031504-34-A/G",0.40625
"100031509-11-G/T",0.3125
"100031518-33-G/A",0.3125
"100031537-45-G/A",0.25
"100031538-54-G/A",0.21875
"100031540-24-G/A",0.25
"100031547-20-G/A",0.3125
"100031547-31-T/A",0.4375
"100031550-59-G/A",0.21875
"100031558-27-T/C",0.46875
"100031558-53-A/G",0.21875
"100031564-10-G/A",0.25
"100031564-33-A/G",0.3125
"100031567-38-A/G",0.40625
"100031569-21-C/G",0.34375
"100031573-31-T/G",0.375
"100031576-19-G/A",0.28125
"100031582-36-C/T",0.34375
"100031582-58-T/C",0.3125
"100031588-5-A/G",0.3125
"100031590-9-G/A",0.34375
"100031601-31-A/G",0.40625
"100031603-60-G/A",0.34375
"100031609-16-A/T",0.28125
"100031609-18-C/T",0.375
"100031611-13-A/G",0.21875
"100031616-18-A/G",0.375
"100031617-67-G/A",0.46875
"100031623-24-T/G",0.1875
"100031623-40-T/C",0.40625
"100031625-6-T/C",0.25
"100031625-50-C/T",0.3125
"100031628-32-A/G",0.34375
"100031633-28-C/T",0.3125
"100031636-22-T/C",0.25
"100031639-15-C/T",0.1875
"100031642-11-A/G",0.1875
"100031654-10-A/G",0.3125
"100031654-15-A/G",0.375
"100031655-21-A/G",0.28125
"100031660-13-C/T",0.3125
"100031671-36-C/A",0.21875
"100031676-14-A/G",0.25
"100031677-53-T/G",0.25
"100031699-10-T/C",0.375
"100031701-5-C/T",0.34375
"100031702-55-G/A",0.28125
"100031709-64-G/A",0.4375
"100031718-41-C/G",0.1875
"100031720-67-A/C",0.3125
"100031733-68-C/T",0.1875
"100031738-24-C/A",0.25
"100031745-7-A/T",0.21875
"100031746-37-C/T",0.34375
"100031751-40-A/G",0.15625
"100031765-54-T/G",0.1875
"100031768-31-A/G",0.21875
"100031779-11-T/G",0.28125
"100031779-56-C/T",0.375
"100031784-18-G/A",0.3125
"100031784-31-G/C",0.40625
"100031787-33-G/T",0.40625
"100031789-23-T/C",0.46875
"100031791-35-A/G",0.25
"100031795-10-A/G",0.34375
"100031795-49-A/G",0.5
"100031799-6-G/A",0.375
"100031799-14-T/C",0.34375
"100031810-12-A/G",0.25
"100031811-19-G/A",0.28125
"100031831-31-C/T",0.28125
"100031832-52-T/C",0.3125
"100031834-57-C/T",0.34375
"100031845-7-T/C",0.40625
"100031862-22-A/G",0.375
"100031871-8-A/T",0.3125
"100031877-33-C/A",0.375
"100031901-12-G/A",0.46875
"100031903-35-C/T",0.28125
"100031912-9-G/A",0.28125
"100031939-31-T/G",0.34375
"100031940-34-A/T",0.1875
"100031948-51-G/A",0.375
"100031958-28-G/A",0.28125
"100031958-49-G/T",0.25
"100031979-14-G/A",0.28125
"100031985-6-T/G",0.375
"100031989-20-C/T",0.375
"100032005-59-A/G",0.4375
"100032005-62-A/G",0.28125
"100032012-13-A/G",0.25
"100032013-39-C/T",0.34375
"100032017-35-T/G",0.34375
"100032024-8-T/C",0.34375
"100032025-9-C/T",0.21875
"100032029-9-T/G",0.25
"100032029-31-G/A",0.21875
"100032055-15-T/C",0.1875
"100032055-31-G/A",0.34375
"100032067-20-T/C",0.4375
"100032067-57-T/C",0.375
"100032090-29-C/T",0.28125
"100032100-45-A/G",0.34375
"100032173-33-C/A",0.28125
"100032191-16-C/T",0.375
"100032210-18-G/A",0.5
"100032215-11-G/T",0.34375
"100032225-37-A/G",0.34375
"100032230-49-G/A",0.40625
"100032251-12-G/A",0.3125
"100032251-13-G/T",0.34375
"100032266-7-A/G",0.1875
"100032266-8-C/T",0.375
"100032268-14-C/T",0.21875
"100032274-12-G/A",0.1875
"100032289-39-G/A",0.34375
"100032293-43-T/C",0.28125
"100032298-23-C/G",0.21875
"100032299-24-G/A",0.3125
"100032303-27-G/A",0.34375
"100032311-11-T/C",0.25
"100032311-14-A/G",0.3125
"100032317-11-A/G",0.34375
"100032317-32-T/C",0.28125
"100032319-22-G/T",0.3125
"100032319-37-T/C",0.40625
"100032321-7-G/A",0.4375
"100032322-32-G/A",0.21875
"100032337-13-G/A",0.21875
"100032354-12-T/G",0.25
"100032362-16-G/A",0.4375
"100032362-20-G/A",0.40625
"100032373-11-C/T",0.21875
"100032393-10-C/T",0.25
"100032406-17-C/T",0.15625
"100032431-6-C/T",0.40625
"100032431-51-G/A",0.28125
"100032440-37-C/T",0.3125
"100032485-22-A/G",0.34375
"100032489-11-G/A",0.4375
"100032489-33-G/C",0.4375
"100032493-23-G/A",0.1875
"100032493-44-G/A",0.21875
"100032505-26-A/T",0.28125
"100032506-29-C/A",0.375
"100032505-33-G/A",0.21875
"100032510-14-A/G",0.46875
"100032511-38-G/A",0.28125
"100032516-8-T/C",0.25
"100032517-29-A/G",0.15625
"100032516-59-T/A",0.25
"100032521-65-T/C",0.0625
"100032522-35-G/A",0.15625
"100032528-31-C/A",0.3125
"100032530-9-A/G",0.40625
"100032530-28-A/G",0.25
"100032538-10-A/G",0.25
"100032538-42-C/G",0.40625
"100032550-23-G/A",0.25
"100032551-36-A/G",0.34375
"100032550-39-A/G",0.4375
"100032553-11-G/A",0.3125
"100032563-10-T/C",0.28125
"100032563-14-T/A",0.34375
"100032563-16-G/T",0.4375
"100032567-28-A/G",0.1875
"100032570-11-C/T",0.40625
"100032570-51-A/T",0.25
"100032573-51-T/C",0.28125
"100032575-5-A/T",0.34375
"100032575-36-T/C",0.34375
"100032582-11-A/G",0.4375
"100032599-45-T/A",0.25
"100032606-18-A/C",0.25
"100032607-10-A/T",0.4375
"100032607-12-A/G",0.3125
"100032615-41-A/G",0.40625
"100032616-50-C/A",0.40625
"100032618-15-C/T",0.375
"100032625-43-T/C",0.375
"100032631-56-G/A",0.125
"100032634-23-A/C",0.28125
"100032637-9-A/G",0.34375
"100032638-11-A/G",0.4375
"100032638-43-C/T",0.28125
"100032653-33-T/G",0.4375
"100032653-53-T/A",0.28125
"100032657-15-G/A",0.375
"100032658-56-A/G",0.3125
"100032667-31-A/G",0.3125
"100032669-13-G/T",0.3125
"100032669-58-T/C",0.34375
"100032679-15-T/G",0.25
"100032684-33-T/A",0.3125
"100032684-45-T/A",0.34375
"100032684-48-A/G",0.40625
"100032694-37-T/A",0.28125
"100032697-5-T/C",0.3125
"100032701-11-T/C",0.3125
"100032702-25-G/A",0.25
"100032702-31-A/T",0.34375
"100032708-45-T/G",0.3125
"100032714-34-A/G",0.21875
"100032718-45-C/T",0.34375
"100032719-46-G/C",0.375
"100032727-33-T/G",0.40625
"100032730-53-T/C",0.25
"100032730-56-C/T",0.25
"100032735-9-T/G",0.4375
"100032735-11-G/A",0.4375
"100032736-57-T/C",0.1875
"100032740-8-T/C",0.5625
"100032740-63-T/G",0.34375
"100032748-19-G/A",0.25
"100032750-45-T/C",0.40625
"100032755-40-G/C",0.375
"100032772-14-T/C",0.4375
"100032773-66-A/G",0.4375
"100032783-46-C/G",0.375
"100032785-9-T/A",0.3125
"100032785-31-C/T",0.3125
"100032797-24-G/A",0.375
"100032800-41-T/G",0.375
"100032800-64-A/G",0.25
"100032808-11-T/C",0.28125
"100032811-8-G/A",0.25
"100032811-40-A/G",0.4375
"100032819-10-C/A",0.40625
"100032819-45-T/C",0.34375
"100032825-28-A/C",0.34375
"100032843-6-C/T",0.28125
"100032845-34-A/C",0.25
"100032849-59-G/A",0.09375
"100032856-8-C/T",0.25
"100032857-11-C/T",0.3125
"100032859-9-A/T",0.34375
"100032860-13-G/A",0.28125
"100032860-53-T/C",0.21875
"100032875-16-A/T",0.3125
"100032875-34-A/C",0.25
"100032879-53-C/A",0.375
"100032882-52-G/A",0.28125
"100032886-11-G/A",0.40625
"100032889-40-C/G",0.4375
"100032891-14-A/G",0.3125
"100032891-68-A/G",0.40625
"100032894-49-A/T",0.15625
"100032900-18-T/C",0.34375
"100032900-40-G/T",0.21875
"100032914-21-T/C",0.34375
"100032914-65-C/T",0.375
"100032917-16-A/G",0.25
"100032917-33-G/A",0.21875
"100032923-9-G/A",0.375
"100032923-65-C/T",0.28125
"100032928-13-A/G",0.28125
"100032932-22-T/C",0.3125
"100032935-7-C/T",0.25
"100032935-31-T/C",0.25
"100032935-64-T/C",0.375
"100032947-34-C/A",0.375
"100032953-12-G/A",0.1875
"100032954-15-A/G",0.34375
"100032961-9-C/T",0.25
"100032962-21-A/G",0.4375
"100032961-34-G/A",0.34375
"100032964-30-C/T",0.3125
"100032964-58-T/C",0.25
"100032965-62-A/G",0.25
"100032973-39-G/A",0.25
"100032974-43-C/G",0.28125
"100032985-15-G/A",0.3125
"100032986-33-C/A",0.3125
"100032986-61-T/C",0.25
"100032990-5-G/A",0.28125
"100032990-6-A/G",0.34375
"100032990-64-T/C",0.25
"100032992-9-A/C",0.1875
"100032993-31-T/C",0.21875
"100032994-59-C/T",0.28125
"100032999-23-C/T",0.28125
"100033011-15-T/C",0.28125
"100033012-23-C/A",0.4375
"100033011-30-G/A",0.1875
"100033015-48-A/G",0.3125
"100033026-24-G/A",0.25
"100033028-19-T/C",0.34375
"100033029-20-G/C",0.28125
"100033037-9-T/G",0.375
"100033037-11-C/T",0.25
"100033037-66-C/T",0.3125
"100033040-42-T/A",0.34375
"100033046-11-A/G",0.5
"100033046-20-A/G",0.25
"100033050-33-G/T",0.40625
"100033051-45-A/G",0.4375
"100033052-53-G/T",0.34375
"100033056-29-C/A",0.375
"100033066-11-T/A",0.28125
"100033067-31-A/C",0.40625
"100033107-6-A/G",0.25
"100033107-11-G/T",0.3125
"100033113-15-A/G",0.28125
"100033114-32-T/G",0.375
"100033120-15-A/C",0.28125
"100033120-31-T/A",0.375
"100033121-32-C/T",0.375
"100033124-31-T/G",0.3125
"100033143-21-T/G",0.25
"100033143-23-G/A",0.375
"100033143-24-G/A",0.4375
"100033146-39-G/A",0.3125
"100033147-50-C/T",0.25
"100033151-13-G/A",0.34375
"100033153-31-C/T",0.28125
"100033162-5-C/T",0.46875
"100033162-7-A/G",0.375
"100033168-12-T/C",0.34375
"100033169-15-A/G",0.3125
"100033171-10-A/T",0.28125
"100033171-11-A/G",0.34375
"100033174-17-A/G",0.375
"100033175-24-G/A",0.34375
"100033175-51-T/C",0.25
"100033184-37-G/A",0.25
"100033194-5-C/G",0.1875
"100033195-22-G/A",0.34375
"100033196-41-C/A",0.28125
"100033198-6-C/A",0.34375
"100033199-34-G/A",0.4375
"100033225-9-A/T",0.34375
"100033226-16-C/T",0.40625
"100033231-14-A/T",0.34375
"100033232-30-G/A",0.40625
"100033241-8-G/A",0.1875
"100033241-11-T/C",0.375
"100033245-13-T/C",0.25
"100033246-15-G/A",0.3125
"100033249-15-T/C",0.125
"100033249-48-T/C",0.1875
"100033251-10-G/T",0.34375
"100033255-10-G/T",0.28125
"100033256-12-C/T",0.34375
"100033255-17-T/C",0.3125
"100033262-17-T/C",0.28125
"100033273-11-A/C",0.3125
"100033276-44-C/T",0.375
"100033276-50-T/C",0.40625
"100033282-15-C/T",0.25
"100033285-9-G/T",0.28125
"100033285-31-C/T",0.21875
"100033296-11-T/C",0.34375
"100033300-20-T/C",0.3125
"100033300-26-T/C",0.34375
"100033300-29-T/A",0.25
"100033302-11-C/A",0.3125
"100033302-20-G/A",0.40625
"100033303-31-T/C",0.28125
"100033319-31-T/C",0.25
"100033326-11-T/G",0.28125
"100033326-20-C/T",0.25
"100033327-33-G/T",0.46875
"100033338-35-G/A",0.46875
"100033339-41-T/G",0.28125
"100033350-11-A/T",0.25
"100033351-14-G/A",0.40625
"100033351-24-T/G",0.46875
"100033350-58-A/G",0.25
"100033353-24-G/T",0.1875
"100033353-33-G/C",0.34375
"100033354-36-G/A",0.34375
"100033356-20-C/T",0.3125
"100033356-30-C/T",0.46875
"100033356-39-T/C",0.34375
"100033356-64-A/G",0.3125
"100033358-10-G/T",0.34375
"100033358-24-T/C",0.25
"100033362-29-C/T",0.3125
"100033372-7-T/A",0.21875
"100033378-6-A/G",0.25
"100033378-11-A/C",0.4375
"100033378-33-A/G",0.25
"100033379-65-T/C",0.1875
"100033381-6-G/A",0.375
"100033385-63-A/T",0.375
"100033385-68-A/G",0.25
"100033392-9-T/G",0.34375
"100033392-38-T/C",0.21875
"100033392-58-A/T",0.1875
"100033410-17-G/A",0.25
"100033413-9-C/T",0.375
"100033414-21-C/T",0.25
"100033414-31-T/C",0.21875
"100033419-13-A/G",0.34375
"100033419-30-A/G",0.34375
"100033426-9-T/C",0.375
"100033426-29-T/C",0.0625
"100033426-37-A/T",0.46875
"100033430-24-T/G",0.28125
"100033430-36-A/G",0.3125
"100033430-53-T/C",0.1875
"100033430-60-G/A",0.15625
"100033432-11-G/A",0.3125
"100033432-34-G/A",0.3125
"100033434-54-A/T",0.3125
"100033441-31-G/A",0.5
"100033444-10-T/A",0.40625
"100033444-15-A/C",0.375
"100033444-60-G/A",0.1875
"100033444-61-T/C",0.28125
"100033447-20-A/T",0.25
"100033447-33-A/G",0.21875
"100033453-33-T/A",0.375
"100033454-37-T/G",0.25
"100033456-14-A/G",0.40625
"100033456-55-G/T",0.28125
"100033456-57-T/C",0.4375
"100033462-11-G/A",0.375
"100033462-12-C/G",0.5
"100033471-5-C/T",0.1875
"100033471-11-A/G",0.25
"100033471-31-G/T",0.25
"100033473-11-T/G",0.3125
"100033473-20-A/T",0.375
"100033473-52-T/A",0.3125
"100033482-24-A/T",0.21875
"100033482-47-C/A",0.3125
"100033485-9-T/C",0.28125
"100033485-47-A/G",0.40625
"100033485-49-T/C",0.40625
"100033494-26-G/A",0.375
"100033495-39-G/A",0.1875
"100033503-65-T/G",0.34375
"100033506-9-T/A",0.15625
"100033507-11-G/T",0.28125
"100033510-66-A/T",0.40625
"100033516-23-A/G",0.21875
"100033516-24-T/A",0.375
"100033516-31-A/G",0.21875
"100033516-46-C/T",0.40625
"100033518-21-T/C",0.21875
"100033519-32-G/A",0.21875
"100033520-59-T/C",0.3125
"100033520-63-C/T",0.40625
"100033526-55-C/T",0.3125
"100033529-50-A/G",0.3125
"100033535-49-G/A",0.3125
"100033535-54-A/G",0.125
"100033539-28-T/C",0.46875
"100033539-48-T/C",0.3125
"100033541-6-T/A",0.3125
"100033544-5-C/T",0.40625
"100033544-9-G/T",0.40625
"100033546-30-G/T",0.3125
"100033554-8-A/T",0.34375
"100033554-50-A/G",0.34375
"100033559-11-A/G",0.28125
"100033563-12-A/T",0.25
"100033563-48-A/G",0.375
"100033569-29-C/T",0.40625
"100033569-45-G/A",0.5
"100033569-53-T/G",0.5
"100033569-64-T/C",0.28125
"100033571-16-G/T",0.21875
"100033572-34-C/G",0.21875
"100033575-12-A/C",0.34375
"100033576-32-A/G",0.1875
"100033587-23-C/T",0.15625
"100033588-67-T/C",0.34375
"100033593-11-T/C",0.34375
"100033594-30-T/C",0.25
"100033594-33-A/G",0.4375
"100033594-63-T/C",0.34375
"100033600-9-A/C",0.25
"100033600-31-G/A",0.28125
"100033601-59-G/T",0.40625
"100033603-20-C/T",0.3125
"100033604-23-G/A",0.4375
"100033605-24-G/A",0.3125
"100033608-9-G/A",0.25
"100033609-31-A/G",0.40625
"100033608-54-T/C",0.40625
"100033612-9-A/G",0.25
"100033614-33-T/G",0.375
"100033621-11-T/A",0.25
"100033621-27-T/C",0.5
"100033621-34-C/A",0.28125
"100033621-45-A/G",0.3125
"100033623-8-T/A",0.125
"100033623-9-A/G",0.25
"100033631-13-C/T",0.25
"100033631-22-A/G",0.1875
"100033632-33-G/A",0.28125
"100033635-45-T/A",0.25
"100033635-58-T/C",0.5
"100033642-19-G/A",0.28125
"100033642-44-T/A",0.34375
"100033642-68-A/C",0.34375
"100033645-33-C/A",0.3125
"100033645-46-A/T",0.28125
"100033655-11-C/T",0.28125
"100033668-33-C/T",0.5
"100033670-39-A/G",0.25
"100033670-44-G/A",0.28125
"100033671-56-G/A",0.25
"100033672-59-T/C",0.375
"100033682-33-A/C",0.375
"100033684-47-G/A",0.34375
"100033685-55-T/C",0.3125
"100033692-7-T/C",0.21875
"100033693-31-G/A",0.34375
"100033694-41-A/G",0.1875
"100033693-66-A/G",0.1875
"100033696-10-C/T",0.3125
"100033698-33-T/C",0.21875
"100033700-10-T/A",0.40625
"100033701-16-G/T",0.40625
"100033710-38-A/C",0.28125
"100033715-9-A/G",0.3125
"100033715-11-A/G",0.4375
"100033715-42-A/G",0.3125
"100033717-11-G/T",0.25
"100033718-21-C/T",0.3125
"100033717-53-C/T",0.25
"100033721-11-T/C",0.375
"100033721-33-G/A",0.21875
"100033721-43-T/C",0.5
"100033721-48-A/G",0.28125
"100033726-45-A/G",0.375
"100033731-18-G/A",0.3125
"100033732-36-G/A",0.40625
"100033734-31-A/G",0.25
"100033735-54-A/G",0.34375
"100033744-31-A/G",0.25
"100033749-20-T/C",0.3125
"100033749-26-T/C",0.28125
"100033752-23-A/G",0.25
"100033752-31-C/T",0.3125
"100033752-38-T/A",0.4375
"100033753-53-G/T",0.3125
"100033756-46-T/A",0.21875
"100033758-8-G/A",0.375
"100033758-23-A/G",0.21875
"100033761-11-T/C",0.25
"100033761-40-T/C",0.34375
"100033768-24-G/T",0.40625
"100033768-32-T/A",0.46875
"100033774-24-T/C",0.40625
"100033774-32-T/A",0.21875
"100033776-31-A/G",0.34375
"100033776-32-T/G",0.28125
"100033779-18-C/T",0.1875
"100033787-11-T/C",0.28125
"100033788-30-T/C",0.34375
"100033787-32-A/G",0.21875
"100033787-36-A/G",0.3125
"100033790-11-C/A",0.3125
"100033791-16-G/A",0.21875
"100033790-34-A/G",0.34375
"100033791-67-T/C",0.28125
"100033794-9-T/C",0.34375
"100033800-23-A/G",0.34375
"100033800-30-A/G",0.40625
"100033800-31-G/C",0.34375
"100033803-18-T/C",0.375
"100033803-30-A/G",0.25
"100033803-33-G/A",0.3125
"100033812-9-T/C",0.375
"100033813-11-C/T",0.25
"100033812-12-G/A",0.40625
"100033812-20-C/T",0.34375
"100033821-48-C/T",0.375
"100033826-9-C/T",0.34375
"100033826-11-T/G",0.375
"100033827-49-G/A",0.3125
"100033826-54-A/G",0.375
"100033834-33-G/A",0.21875
"100033834-63-C/A",0.375
"100033841-29-G/A",0.34375
"100033843-34-G/A",0.15625
"100033844-36-G/A",0.28125
"100033846-23-G/T",0.28125
"100033846-31-C/A",0.40625
"100033852-11-T/G",0.3125
"100033853-38-T/C",0.46875
"100033855-8-C/T",0.09375
"100033855-38-A/G",0.1875
"100033855-50-T/C",0.375
"100033861-20-T/C",0.25
"100033879-17-A/G",0.375
"100033879-30-A/C",0.3125
"100033892-20-G/T",0.375
"100033894-47-A/G",0.40625
"100033903-25-A/G",0.4375
"100033910-21-C/T",0.34375
"100033915-11-C/T",0.28125
"100033920-27-C/T",0.21875
"100033922-47-T/A",0.3125
"100033926-11-T/G",0.21875
"100033929-34-C/T",0.4375
"100033933-10-T/A",0.5
"100033948-11-T/C",0.4375
"100033949-24-A/T",0.25
"100033954-30-C/A",0.21875
"100033954-31-G/C",0.25
"100033965-9-T/C",0.375
"100033966-33-T/A",0.34375
"100033967-40-T/C",0.3125
"100033970-12-C/A",0.34375
"100033971-21-G/A",0.40625
"100033974-42-G/A",0.25
"100033984-9-G/A",0.34375
"100033992-8-A/T",0.28125
"100033992-11-A/G",0.25
"100033993-12-G/A",0.21875
"100033999-12-T/C",0.09375
"100034001-25-G/A",0.4375
"100034007-23-A/C",0.21875
"100034008-31-T/A",0.3125
"100034010-14-C/T",0.28125
"100034011-17-C/T",0.1875
"100034011-33-C/T",0.25
"100034011-43-G/A",0.3125
"100034014-10-C/A",0.21875
"100034014-51-T/A",0.4375
"100034017-12-A/G",0.375
"100034018-14-G/A",0.25
"100034017-19-C/T",0.21875
"100034018-25-G/A",0.15625
"100034020-20-C/T",0.1875
"100034022-46-C/G",0.46875
"100034028-8-G/A",0.375
"100034029-16-G/A",0.3125
"100034030-29-C/T",0.21875
"100034030-46-T/C",0.34375
"100034032-13-T/C",0.21875
"100034033-27-T/C",0.34375
"100034032-31-C/G",0.28125
"100034033-34-G/T",0.40625
"100034038-15-C/T",0.28125
"100034040-47-A/G",0.09375
"100034043-35-C/T",0.3125
"100034043-51-T/A",0.375
"100034048-12-G/T",0.375
"100034049-21-G/A",0.1875
"100034052-7-C/T",0.40625
"100034052-20-A/G",0.3125
"100034055-32-G/A",0.28125
"100034057-9-G/C",0.34375
"100034059-20-C/T",0.3125
"100034065-31-T/C",0.3125
"100034065-32-G/T",0.34375
"100034080-64-A/G",0.3125
"100034091-8-A/T",0.34375
"100034093-33-C/T",0.4375
"100034091-45-C/A",0.28125
"100034095-8-A/G",0.3125
"100034096-20-T/C",0.25
"100034096-30-T/C",0.4375
"100034095-32-A/T",0.25
"100034095-68-T/A",0.375
"100034098-7-A/G",0.25
"100034098-8-A/G",0.1875
"100034098-12-G/A",0.15625
"100034099-59-A/G",0.28125
"100034108-9-T/C",0.34375
"100034109-15-C/T",0.34375
"100034108-18-A/G",0.21875
"100034110-55-G/A",0.3125
"100034112-9-T/C",0.3125
"100034113-21-G/A",0.34375
"100034118-31-C/A",0.28125
"100034118-54-T/C",0.375
"100034118-63-A/G",0.25
"100034121-11-C/A",0.28125
"100034121-12-C/T",0.3125
"100034121-34-C/A",0.25
"100034121-44-T/C",0.46875
"100034121-46-T/C",0.21875
"100034123-11-C/T",0.25
"100034123-12-A/G",0.3125
"100034124-16-A/G",0.375
"100034124-31-A/G",0.40625
"100034124-33-T/C",0.40625
"100034127-12-T/C",0.28125
"100034128-46-G/A",0.25
"100034127-58-A/G",0.25
"100034131-6-G/A",0.40625
"100034131-11-A/T",0.28125
"100034131-24-A/C",0.28125
"100034131-35-T/C",0.34375
"100034149-65-C/T",0.34375
"100034151-6-C/T",0.28125
"100034152-23-A/G",0.25
"100034151-31-G/A",0.34375
"100034160-20-G/A",0.25
"100034161-21-A/G",0.15625
"100034167-8-C/A",0.25
"100034167-54-C/G",0.375
"100034171-5-A/G",0.46875
"100034171-21-C/G",0.375
"100034174-6-T/G",0.3125
"100034175-8-T/C",0.25
"100034176-10-G/A",0.34375
"100034179-15-C/T",0.40625
"100034188-65-T/A",0.21875
"100034191-23-A/G",0.46875
"100034191-31-G/A",0.21875
"100034191-62-A/G",0.3125
"100034193-6-T/C",0.28125
"100034193-9-C/A",0.34375
"100034195-6-C/T",0.46875
"100034197-56-A/G",0.3125
"100034199-8-T/A",0.3125
"100034199-11-G/A",0.25
"100034199-16-T/G",0.4375
"100034200-17-T/C",0.3125
"100034211-11-T/C",0.46875
"100034212-31-T/A",0.34375
"100034212-56-A/G",0.40625
"100034212-64-A/G",0.34375
"100034215-16-C/T",0.1875
"100034215-46-A/T",0.3125
"100034218-20-C/T",0.3125
"100034217-31-T/C",0.21875
"100034221-11-T/A",0.375
"100034222-20-T/A",0.40625
"100034221-25-A/G",0.375
"100034222-33-C/G",0.1875
"100034223-67-G/A",0.3125
"100034226-48-G/A",0.375
"100034236-16-C/G",0.3125
"100034236-31-C/A",0.375
"100034236-41-A/G",0.28125
"100034238-65-G/A",0.3125
"100034239-67-G/A",0.09375
"100034242-31-T/A",0.1875
"100034243-53-T/C",0.21875
"100034247-53-C/A",0.21875
"100034254-12-T/C",0.28125
"100034254-18-T/C",0.1875
"100034254-24-A/G",0.28125
"100034254-33-A/G",0.34375
"100034254-46-G/A",0.3125
"100034257-12-A/G",0.25
"100034257-24-C/T",0.3125
"100034257-55-G/A",0.40625
"100034259-58-G/A",0.15625
"100034261-42-T/C",0.21875
"100034262-61-C/T",0.3125
"100034263-62-A/G",0.21875
"100034265-9-T/G",0.375
"100034265-11-A/T",0.25
"100034266-12-C/T",0.34375
"100034265-36-C/T",0.21875
"100034266-51-C/A",0.25
"100034268-5-C/G",0.375
"100034268-51-A/G",0.40625
"100034271-11-A/G",0.28125
"100034271-33-A/G",0.34375
"100034274-9-G/T",0.28125
"100034274-22-A/G",0.25
"100034275-24-C/T",0.28125
"100034274-49-C/T",0.4375
"100034274-68-C/A",0.3125
"100034290-30-T/C",0.28125
"100034290-33-T/A",0.25
"100034290-36-C/T",0.21875
"100034295-33-T/G",0.3125
"100034297-66-G/A",0.28125
"100034302-21-T/A",0.25
"100034302-65-G/A",0.25
"100034303-68-A/T",0.3125
"100034305-22-T/A",0.4375
"100034305-38-T/C",0.40625
"100034305-66-T/C",0.40625
"100034308-33-T/C",0.3125
"100034308-34-T/A",0.4375
"100034309-50-G/A",0.25
"100034325-48-T/C",0.34375
"100034329-5-C/T",0.5
"100034331-13-T/C",0.1875
"100034332-35-T/C",0.375
"100034338-11-T/A",0.34375
"100034338-32-A/G",0.34375
"100034338-33-A/G",0.1875
"100034340-44-T/A",0.40625
"100034342-11-A/G",0.21875
"100034343-16-A/G",0.375
"100034342-31-A/T",0.28125
"100034342-57-T/C",0.40625
"100034345-11-T/A",0.25
"100034349-11-C/A",0.1875
"100034358-9-T/C",0.28125
"100034358-16-C/T",0.21875
"100034359-32-G/T",0.28125
"100034359-33-G/C",0.28125
"100034370-24-G/T",0.25
"100034374-20-C/T",0.34375
"100034375-33-G/A",0.3125
"100034377-9-T/A",0.3125
"100034378-28-A/G",0.4375
"100034378-44-A/G",0.40625
"100034377-50-T/C",0.3125
"100034377-62-T/C",0.375
"100034380-9-T/G",0.34375
"100034381-30-G/A",0.28125
"100034382-36-G/C",0.3125
"100034386-13-G/A",0.40625
"100034392-12-A/G",0.375
"100034395-8-A/G",0.34375
"100034400-32-C/T",0.15625
"100034400-33-T/A",0.40625
"100034400-54-C/G",0.28125
"100034405-10-T/C",0.28125
"100034406-20-C/G",0.375
"100034405-29-T/C",0.34375
"100034406-31-G/C",0.15625
"100034406-43-A/G",0.25
"100034409-11-C/G",0.3125
"100034423-50-G/A",0.40625
"100034427-8-A/G",0.28125
"100034428-11-T/A",0.34375
"100034427-14-T/C",0.375
"100034427-33-T/A",0.25
"100034428-48-G/T",0.40625
"100034438-9-C/T",0.34375
"100034438-13-A/C",0.375
"100034438-66-G/A",0.28125
"100034442-11-T/G",0.25
"100034442-33-T/G",0.28125
"100034442-40-T/C",0.46875
"100034442-42-T/C",0.25
"100034445-9-C/T",0.21875
"100034445-29-T/C",0.375
"100034447-48-C/T",0.25
"100034445-60-A/G",0.3125
"100034449-11-A/C",0.28125
"100034451-59-C/T",0.3125
"100034452-60-C/T",0.46875
"100034454-14-A/C",0.28125
"100034454-36-C/T",0.3125
"100034454-44-T/G",0.25
"100034454-60-T/A",0.375
"100034454-64-T/A",0.28125
"100034456-8-T/C",0.15625
"100034458-46-G/A",0.21875
"100034462-48-C/T",0.34375
"100034471-31-A/G",0.34375
"100034471-42-A/C",0.46875
"100034471-52-T/C",0.34375
"100034475-30-T/A",0.40625
"100034476-36-T/A",0.1875
"100034478-6-A/G",0.25
"100034478-9-G/A",0.375
"100034478-10-G/A",0.40625
"100034480-41-G/A",0.28125
"100034482-12-G/A",0.28125
"100034482-18-A/C",0.34375
"100034484-67-G/A",0.40625
"100034487-9-C/T",0.25
"100034487-30-A/C",0.1875
"100034488-33-G/T",0.25
"100034487-34-A/G",0.28125
"100034487-48-A/G",0.25
"100034513-7-C/T",0.3125
"100034513-11-A/G",0.3125
"100034516-11-A/G",0.40625
"100034517-30-C/T",0.40625
"100034519-8-G/C",0.46875
"100034522-20-C/G",0.4375
"100034524-20-G/C",0.25
"100034524-24-G/A",0.28125
"100034529-16-A/G",0.34375
"100034530-31-A/C",0.3125
"100034535-22-T/C",0.4375
"100034538-9-A/G",0.28125
"100034539-24-T/A",0.34375
"100034539-29-T/C",0.375
"100034538-33-C/T",0.375
"100034538-34-T/G",0.3125
"100034547-11-C/T",0.25
"100034550-26-G/A",0.3125
"100034553-33-A/G",0.21875
"100034556-6-T/C",0.40625
"100034557-10-A/C",0.40625
"100034558-28-T/C",0.34375
"100034564-12-G/T",0.28125
"100034564-13-C/G",0.46875
"100034565-15-C/T",0.25
"100034564-30-T/C",0.28125
"100034569-21-T/C",0.21875
"100034569-31-G/A",0.3125
"100034569-33-C/T",0.3125
"100034569-44-C/A",0.25
"100034571-30-G/A",0.375
"100034571-32-A/T",0.375
"100034571-44-T/A",0.25
"100034571-50-G/A",0.34375
"100034581-7-G/A",0.40625
"100034581-11-G/A",0.1875
"100034582-20-A/G",0.28125
"100034583-29-A/T",0.375
"100034597-9-A/G",0.375
"100034597-10-A/G",0.09375
"100034601-7-A/C",0.09375
"100034602-12-T/A",0.1875
"100034601-15-C/A",0.21875
"100034601-22-C/A",0.5
"100034605-5-C/T",0.40625
"100034606-11-T/C",0.40625
"100034605-33-G/T",0.21875
"100034618-23-A/G",0.25
"100034618-44-T/C",0.21875
"100034624-18-A/G",0.25
"100034629-15-G/A",0.375
"100034635-14-G/A",0.3125
"100034637-7-T/C",0.375
"100034639-53-C/T",0.25
"100034642-10-T/C",0.375
"100034642-11-T/G",0.40625
"100034642-25-G/T",0.28125
"100034643-33-A/T",0.375
"100034643-53-C/G",0.25
"100034650-11-G/T",0.34375
"100034651-33-C/G",0.40625
"100034658-11-A/T",0.34375
"100034658-15-T/G",0.375
"100034658-35-T/C",0.375
"100034660-5-A/G",0.40625
"100034661-25-A/G",0.375
"100034661-29-T/C",0.40625
"100034660-31-T/G",0.5
"100034660-44-C/T",0.25
"100034660-64-A/G",0.28125
"100034666-11-T/G",0.21875
"100034666-14-T/A",0.375
"100034666-17-T/C",0.34375
"100034666-20-A/G",0.34375
"100034666-33-T/G",0.25
"100034666-36-C/A",0.40625
"100034668-8-T/G",0.34375
"100034669-10-A/G",0.3125
"100034668-16-C/G",0.375
"100034670-39-C/T",0.25
"100034668-56-T/C",0.34375
"100034673-31-C/A",0.34375
"100034678-24-A/G",0.21875
"100034681-5-G/A",0.3125
"100034681-9-A/G",0.21875
"100034681-15-A/G",0.375
"100034685-31-A/C",0.34375
"100034687-7-G/T",0.40625
"100034688-14-C/T",0.3125
"100034687-26-T/C",0.25
"100034692-6-A/G",0.4375
"100034692-25-G/A",0.3125
"100034692-33-A/C",0.25
"100034695-11-T/G",0.34375
"100034695-14-T/C",0.25
"100034695-34-C/A",0.34375
"100034695-42-T/C",0.15625
"100034699-11-C/T",0.1875
"100034701-24-G/A",0.15625
"100034710-9-G/T",0.3125
"100034711-11-T/C",0.34375
"100034711-20-T/G",0.28125
"100034711-39-T/A",0.25
"100034712-44-T/C",0.3125
"100034716-63-C/T",0.375
"100034725-33-C/T",0.28125
"100034731-10-C/T",0.34375
"100034731-36-T/C",0.40625
"100034741-31-C/G",0.28125
"100034741-61-C/T",0.34375
"100034742-65-T/C",0.28125
"100034744-5-G/A",0.34375
"100034744-8-G/A",0.3125
"100034744-9-A/G",0.3125
"100034744-14-G/T",0.375
"100034744-31-A/G",0.25
"100034745-53-C/A",0.40625
"100034757-11-C/T",0.46875
"100034757-24-G/A",0.28125
"100034757-54-T/C",0.34375
"100034760-16-A/G",0.21875
"100034771-7-C/T",0.34375
"100034771-10-T/A",0.34375
"100034771-34-A/T",0.375
"100034771-55-T/G",0.28125
"100034771-65-A/G",0.375
"100034775-16-A/G",0.3125
"100034776-27-A/C",0.40625
"100034777-31-A/T",0.34375
"100034776-46-T/G",0.34375
"100034780-39-T/C",0.40625
"100034781-43-G/A",0.1875
"100034783-7-A/G",0.34375
"100034783-20-G/A",0.3125
"100034783-33-C/G",0.1875
"100034791-20-C/G",0.3125
"100034791-24-A/C",0.28125
"100034791-33-A/G",0.28125
"100034794-5-T/C",0.3125
"100034799-24-G/A",0.34375
"100034799-29-T/C",0.375
"100034799-66-A/G",0.4375
"100034801-11-C/A",0.3125
"100034801-31-G/A",0.4375
"100034801-44-G/T",0.40625
"100034804-10-G/T",0.34375
"100034804-32-T/A",0.4375
"100034805-68-G/A",0.375
"100034816-34-A/G",0.34375
"100034817-40-A/G",0.375
"100034816-59-G/A",0.28125
"100034824-30-T/C",0.28125
"100034824-31-G/C",0.34375
"100034830-56-A/T",0.34375
"100034831-61-C/A",0.25
"100034834-12-C/T",0.46875
"100034843-23-T/G",0.1875
"100034846-44-T/C",0.375
"100034854-9-A/T",0.1875
"100034854-11-T/A",0.3125
"100034854-16-A/G",0.25
"100034854-22-A/T",0.5
"100034865-48-G/A",0.21875
"100034867-11-A/T",0.28125
"100034868-31-C/T",0.46875
"100034868-33-A/T",0.25
"100034868-50-A/G",0.25
"100034869-52-G/A",0.375
"100034871-57-T/C",0.15625
"100034874-32-G/C",0.375
"100034874-33-C/T",0.375
"100034879-11-T/A",0.3125
"100034879-14-A/G",0.1875
"100034880-17-C/T",0.25
"100034879-66-A/G",0.28125
"100034882-14-G/A",0.28125
"100034882-21-A/G",0.4375
"100034890-11-T/G",0.34375
"100034890-48-T/C",0.1875
"100034890-54-A/C",0.3125
"100034890-59-C/A",0.3125
"100034893-29-T/C",0.40625
"100034902-7-C/T",0.21875
"100034902-11-A/G",0.34375
"100034902-36-C/A",0.46875
"100034905-31-G/A",0.3125
"100034908-31-T/C",0.21875
"100034908-47-T/C",0.375
"100034910-11-T/C",0.3125
"100034912-36-T/C",0.15625
"100034913-58-G/A",0.34375
"100034918-18-T/C",0.28125
"100034918-20-T/G",0.34375
"100034919-33-C/A",0.21875
"100034920-49-G/T",0.3125
"100034919-56-T/C",0.1875
"100034924-59-T/C",0.3125
"100034925-24-A/G",0.46875
"100034926-33-A/G",0.1875
"100034926-36-T/C",0.40625
"100034926-47-T/A",0.40625
"100034925-56-G/A",0.34375
"100034929-11-A/G",0.34375
"100034929-28-C/T",0.3125
"100034931-30-A/T",0.375
"100034929-49-T/C",0.21875
"100034929-62-T/C",0.25
"100034933-9-T/C",0.3125
"100034933-11-T/A",0.25
"100034933-31-G/A",0.34375
"100034933-49-A/G",0.3125
"100034933-53-A/G",0.21875
"100034933-67-T/C",0.3125
"100034936-11-T/A",0.34375
"100034936-32-T/C",0.28125
"100034936-33-T/A",0.375
"100034936-56-T/A",0.3125
"100034954-6-A/T",0.3125
"100034955-11-C/G",0.4375
"100034954-17-A/G",0.375
"100034955-29-T/A",0.3125
"100034954-32-C/T",0.375
"100034954-34-C/G",0.1875
"100034958-28-C/T",0.21875
"100034960-9-A/G",0.3125
"100034960-11-A/G",0.125
"100034960-29-G/A",0.34375
"100034962-36-T/A",0.28125
"100034966-11-G/C",0.125
"100034967-16-C/A",0.28125
"100034966-20-A/G",0.21875
"100034967-21-A/G",0.46875
"100034967-28-A/G",0.1875
"100034967-31-T/A",0.28125
"100034970-13-T/C",0.3125
"100034970-20-G/T",0.28125
"100034973-18-G/A",0.21875
"100034973-24-A/G",0.3125
"100034973-31-A/G",0.34375
"100034973-33-G/T",0.34375
"100034973-36-T/C",0.3125
"100034978-11-G/A",0.25
"100034978-20-G/T",0.5
"100034978-30-G/A",0.3125
"100034992-11-T/G",0.25
"100034993-14-G/A",0.28125
"100034992-31-T/C",0.1875
"100034994-33-G/C",0.3125
"100034992-34-C/T",0.40625
"100034992-55-T/C",0.25
"100034999-9-A/G",0.3125
"100034999-16-T/C",0.3125
"100034999-25-T/A",0.375
"100034999-27-T/C",0.25
"100034999-41-C/A",0.40625
"100035010-11-C/G",0.40625
"100035019-16-G/A",0.40625
"100035020-54-G/A",0.34375
"100035029-31-C/T",0.3125
"100035029-47-T/C",0.28125
"100035035-9-T/G",0.25
"100035036-23-C/T",0.15625
"100035035-31-A/G",0.3125
"100035043-5-C/T",0.34375
"100035043-11-T/G",0.3125
"100035044-23-A/G",0.3125
"100035045-33-A/T",0.34375
"100035043-37-A/G",0.21875
"100035043-44-A/C",0.3125
"100035048-16-G/A",0.28125
"100035050-9-T/A",0.3125
"100035050-27-G/A",0.25
"100035053-6-T/C",0.375
"100035054-11-T/G",0.375
"100035054-21-T/C",0.21875
"100035053-22-T/C",0.4375
"100035053-24-G/A",0.34375
"100035056-7-T/C",0.21875
"100035056-36-A/G",0.46875
"100035059-10-G/T",0.15625
"100035060-11-C/T",0.34375
"100035060-27-A/G",0.375
"100035059-31-A/C",0.28125
"100035060-33-C/A",0.28125
"100035059-42-G/C",0.34375
"100035065-26-C/T",0.3125
"100035065-33-A/C",0.375
"100035069-8-A/G",0.375
"100035069-39-A/G",0.28125
"100035069-51-G/A",0.15625
"100035069-58-A/G",0.3125
"100035072-6-G/A",0.4375
"100035073-11-G/A",0.25
"100035073-34-A/G",0.1875
"100035073-52-T/C",0.46875
"100035079-6-T/C",0.3125
"100035079-9-G/T",0.1875
"100035081-31-C/A",0.21875
"100035079-54-G/C",0.28125
"100035087-6-G/A",0.25
"100035088-11-T/C",0.21875
"100035088-18-T/C",0.375
"100035088-20-T/C",0.34375
"100035088-27-T/C",0.28125
"100035088-29-C/A",0.3125
"100035088-34-C/A",0.28125
"100035090-8-G/A",0.40625
"100035090-57-G/A",0.28125
"100035090-58-C/A",0.40625
"100035090-59-G/A",0.28125
"100035093-11-A/T",0.28125
"100035103-28-C/T",0.25
"100035104-31-T/A",0.21875
"100035105-35-G/A",0.25
"100035108-11-A/G",0.3125
"100035109-12-G/A",0.25
"100035117-5-A/G",0.1875
"100035118-8-T/G",0.1875
"100035118-15-C/G",0.375
"100035118-16-T/A",0.25
"100035118-35-T/C",0.25
"100035118-36-T/C",0.34375
"100035118-68-T/C",0.3125
"100035126-53-G/A",0.28125
"100035126-56-T/C",0.375
"100035126-57-T/C",0.3125
"100035133-20-G/T",0.3125
"100035134-31-G/A",0.25
"100035133-36-A/C",0.375
"100035136-5-A/G",0.28125
"100035136-11-G/T",0.28125
"100035136-12-T/C",0.25
"100035136-30-G/C",0.25
"100035137-31-A/T",0.3125
"100035139-6-A/G",0.1875
"100035139-20-G/A",0.34375
"100035139-24-C/T",0.28125
"100035139-27-G/C",0.4375
"100035139-46-A/G",0.21875
"100035142-9-A/C",0.15625
"100035143-15-C/T",0.25
"100035146-9-C/G",0.28125
"100035147-11-C/T",0.40625
"100035147-19-A/G",0.34375
"100035148-20-G/A",0.28125
"100035147-29-G/A",0.1875
"100035146-46-A/G",0.3125
"100035147-67-T/C",0.375
"100035152-23-T/A",0.3125
"100035152-30-A/T",0.34375
"100035154-58-G/A",0.34375
"100035163-11-A/C",0.1875
"100035163-24-C/T",0.46875
"100035163-31-G/C",0.21875
"100035166-7-C/T",0.34375
"100035166-10-G/T",0.34375
"100035166-14-A/G",0.3125
"100035166-18-G/A",0.46875
"100035167-36-A/G",0.25
"100035166-54-T/C",0.28125
"100035166-67-T/C",0.40625
"100035169-11-A/G",0.1875
"100035170-20-A/T",0.3125
"100035171-30-C/T",0.28125
"100035170-31-T/C",0.34375
"100035169-32-A/G",0.3125
"100035172-36-G/A",0.21875
"100035169-47-A/T",0.34375
"100035177-11-A/T",0.3125
"100035178-33-T/A",0.3125
"100035177-34-C/G",0.28125
"100035181-6-G/A",0.1875
"100035181-30-A/G",0.21875
"100035181-31-C/T",0.28125
"100035181-33-G/T",0.1875
"100035188-39-G/A",0.40625
"100035189-49-G/A",0.4375
"100035190-56-G/T",0.375
"100035193-9-C/G",0.25
"100035193-11-A/G",0.21875
"100035193-12-T/G",0.40625
"100035194-16-C/T",0.34375
"100035193-31-C/A",0.15625
"100035193-57-C/T",0.40625
"100035193-66-T/C",0.25
"100035196-25-C/G",0.21875
"100035207-9-A/C",0.375
"100035207-20-G/T",0.46875
"100035207-23-T/C",0.25
"100035208-38-C/T",0.34375
"100035208-58-C/T",0.25
"100035210-11-A/C",0.46875
"100035211-27-A/G",0.25
"100035212-33-G/A",0.375
"100035210-46-C/T",0.25
"100035210-50-T/C",0.40625
"100035210-60-T/C",0.4375
"100035219-5-T/C",0.4375
"100035219-11-T/A",0.28125
"100035219-22-A/G",0.28125
"100035222-10-G/T",0.15625
"100035222-11-C/A",0.21875
"100035222-47-T/C",0.34375
"100035222-55-A/G",0.3125
"100035222-59-A/G",0.25
"100035222-64-C/A",0.40625
"100035225-32-C/T",0.4375
"100035225-54-T/G",0.375
"100035225-63-G/T",0.25
"100035233-51-G/A",0.34375
"100035238-20-G/A",0.3125
"100035241-33-G/C",0.34375
"100035241-38-A/G",0.3125
"100035251-30-A/G",0.34375
"100035251-54-T/C",0.4375
"100035251-56-T/G",0.375
"100035252-60-G/A",0.40625
"100035251-61-A/G",0.1875
"100035256-10-A/G",0.28125
"100035256-31-G/A",0.34375
"100035264-6-T/C",0.21875
"100035264-8-T/A",0.3125
"100035265-28-C/T",0.4375
"100035264-30-A/T",0.40625
"100035264-46-C/T",0.34375
"100035264-66-A/G",0.21875
"100035271-6-T/C",0.34375
"100035272-15-T/C",0.21875
"100035271-28-A/G",0.3125
"100035272-30-A/G",0.34375
"100035272-32-T/G",0.28125
"100035271-64-T/C",0.375
"100035279-18-T/C",0.25
"100035291-5-T/C",0.375
"100035291-13-A/G",0.25
"100035291-30-C/G",0.28125
"100035292-41-G/A",0.34375
"100035291-44-A/G",0.40625
"100035291-54-T/C",0.40625
"100035297-11-C/T",0.25
"100035297-24-T/C",0.46875
"100035297-33-A/C",0.21875
"100035298-55-C/T",0.25
"100035299-63-T/C",0.28125
"100035301-11-G/A",0.34375
"100035302-20-T/C",0.40625
"100035301-25-G/C",0.40625
"100035301-31-T/G",0.46875
"100035301-33-C/G",0.28125
"100035301-34-C/A",0.4375
"100035301-59-T/C",0.4375
"100035305-14-T/C",0.34375
"100035305-20-A/T",0.28125
"100035305-24-T/G",0.375
"100035306-37-G/A",0.1875
"100035305-41-C/T",0.40625
"100035305-53-A/G",0.34375
"100035308-8-A/T",0.28125
"100035309-11-C/T",0.21875
"100035311-22-G/A",0.25
"100035308-24-T/G",0.15625
"100035308-39-G/A",0.375
"100035313-16-G/A",0.3125
"100035313-22-T/C",0.28125
"100035313-23-T/C",0.21875
"100035314-31-A/G",0.40625
"100035314-34-G/A",0.1875
"100035313-45-G/A",0.25
"100035316-8-A/G",0.375
"100035317-10-T/A",0.3125
"100035318-11-A/C",0.4375
"100035318-31-T/A",0.28125
"100035325-5-G/A",0.34375
"100035325-6-A/C",0.25
"100035325-31-T/A",0.21875
"100035332-13-C/T",0.34375
"100035332-31-T/C",0.21875
"100035332-35-T/C",0.3125
"100035335-15-G/A",0.4375
"100035335-25-C/A",0.25
"100035336-31-A/C",0.28125
"100035335-35-A/G",0.34375
"100035343-11-T/A",0.3125
"100035342-20-T/C",0.40625
"100035342-44-A/C",0.1875
"100035347-7-C/T",0.25
"100035347-15-A/G",0.5
"100035348-24-A/G",0.25
"100035350-34-T/C",0.375
"100035352-10-A/T",0.3125
"100035355-11-A/G",0.3125
"100035360-7-T/C",0.21875
"100035361-9-T/C",0.28125
"100035360-17-C/T",0.46875
"100035360-23-T/C",0.21875
"100035360-30-A/G",0.28125
"100035360-34-T/A",0.28125
"100035364-9-T/A",0.3125
"100035385-31-T/A",0.3125
"100035387-11-A/G",0.4375
"100035387-25-C/A",0.28125
"100035387-34-G/A",0.25
"100035391-11-G/T",0.40625
"100035392-20-A/T",0.40625
"100035394-30-T/C",0.21875
"100035396-9-T/G",0.34375
"100035397-11-G/C",0.1875
"100035396-12-A/C",0.25
"100035398-14-A/G",0.3125
"100035398-20-C/G",0.4375
"100035398-23-T/G",0.3125
"100035396-25-T/C",0.34375
"100035405-24-A/G",0.15625
"100035405-31-G/C",0.40625
"100035405-41-A/G",0.3125
"100035415-31-G/A",0.25
"100035418-11-G/A",0.3125
"100035418-44-T/A",0.21875
"100035420-20-C/T",0.21875
"100035421-22-T/A",0.5625
"100035420-25-G/C",0.4375
"100035424-9-G/T",0.46875
"100035434-56-G/A",0.28125
"100035439-9-G/A",0.46875
"100035440-10-T/C",0.34375
"100035440-15-T/G",0.28125
"100035440-31-T/G",0.25
"100035440-33-A/T",0.34375
"100035443-12-C/G",0.3125
"100035443-32-T/A",0.3125
"100035443-45-A/G",0.25
"100035445-11-A/G",0.15625
"100035447-26-T/C",0.25
"100035447-60-C/T",0.28125
"100035457-32-A/G",0.375
"100035459-10-G/A",0.25
"100035461-33-A/T",0.4375
"100035462-53-C/T",0.3125
"100035473-11-C/G",0.3125
"100035473-15-G/A",0.3125
"100035474-18-T/A",0.28125
"100035474-42-A/G",0.25
"100035474-53-A/G",0.28125
"100035473-68-C/A",0.34375
"100035476-7-T/C",0.15625
"100035478-14-A/G",0.3125
"100035478-31-T/C",0.28125
"100035482-19-G/A",0.28125
"100035483-31-C/A",0.34375
"100035484-33-G/A",0.28125
"100035486-58-G/A",0.15625
"100035488-9-T/A",0.46875
"100035488-14-C/T",0.3125
"100035490-24-T/C",0.3125
"100035490-29-A/G",0.3125
"100035490-30-A/G",0.28125
"100035490-43-G/A",0.28125
"100035494-16-T/A",0.21875
"100035494-20-G/T",0.28125
"100035494-54-A/T",0.40625
"100035494-56-A/G",0.34375
"100035494-59-T/C",0.375
"100035494-64-A/T",0.25
"100035498-31-G/C",0.25
"100035499-63-C/T",0.46875
"100035501-17-A/G",0.34375
"100035502-18-A/G",0.15625
"100035502-46-T/A",0.375
"100035502-53-T/C",0.28125
"100035502-65-G/A",0.3125
"100035506-10-A/G",0.40625
"100035516-24-T/G",0.15625
"100035516-33-G/C",0.28125
"100035516-44-T/C",0.3125
"100035516-54-T/G",0.25
"100035530-6-T/C",0.25
"100035530-11-T/A",0.0625
"100035531-30-T/G",0.34375
"100035530-31-C/G",0.3125
"100035530-46-A/G",0.3125
"100035530-53-T/C",0.4375
"100035530-57-T/C",0.3125
"100035530-67-G/A",0.25
"100035533-5-T/C",0.34375
"100035533-11-G/A",0.28125
"100035534-24-T/C",0.28125
"100035534-29-A/G",0.21875
"100035534-30-T/C",0.34375
"100035534-33-T/C",0.375
"100035534-59-T/C",0.40625
"100035534-68-T/C",0.21875
"100035538-17-A/G",0.375
"100035538-23-C/A",0.375
"100035538-39-T/A",0.4375
"100035538-56-T/C",0.28125
"100035546-25-G/A",0.3125
"100035546-31-A/G",0.28125
"100035548-11-G/A",0.375
"100035549-16-C/T",0.375
"100035552-38-C/T",0.40625
"100035549-41-C/T",0.25
"100035560-8-T/G",0.28125
"100035560-24-T/C",0.34375
"100035560-41-A/G",0.34375
"100035560-45-T/C",0.34375
"100035560-54-A/G",0.34375
"100035561-56-G/A",0.3125
"100035564-32-C/A",0.3125
"100035566-10-C/G",0.4375
"100035566-18-A/G",0.46875
"100035566-23-T/C",0.375
"100035566-24-G/A",0.4375
"100035566-29-A/G",0.40625
"100035566-32-A/G",0.21875
"100035566-66-T/C",0.28125
"100035566-68-T/A",0.375
"100035571-14-A/G",0.28125
"100035574-12-G/A",0.34375
"100035579-11-C/A",0.46875
"100035580-12-T/G",0.28125
"100035579-18-C/A",0.21875
"100035580-20-G/C",0.34375
"100035579-24-T/C",0.40625
"100035580-32-A/T",0.3125
"100035580-33-G/T",0.53125
"100035580-39-A/G",0.25
"100035591-8-G/A",0.34375
"100035591-20-C/A",0.34375
"100035591-25-T/C",0.28125
"100035591-33-A/C",0.34375
"100035595-45-G/A",0.34375
"100035595-46-A/G",0.4375
"100035604-10-A/C",0.3125
"100035606-31-A/C",0.40625
"100035604-39-G/A",0.3125
"100035615-9-A/T",0.34375
"100035615-11-A/G",0.28125
"100035615-18-A/G",0.5625
"100035616-20-A/G",0.40625
"100035616-27-G/A",0.4375
"100035616-31-G/T",0.34375
"100035617-33-T/C",0.3125
"100035619-9-A/T",0.3125
"100035619-13-A/G",0.3125
"100035619-16-A/G",0.34375
"100035620-20-T/A",0.28125
"100035619-26-T/C",0.21875
"100035619-32-T/C",0.21875
"100035621-35-G/T",0.40625
"100035633-5-C/T",0.25
"100035634-6-A/G",0.34375
"100035635-11-A/C",0.25
"100035634-29-T/G",0.375
"100035639-9-G/T",0.28125
"100035641-41-C/T",0.21875
"100035641-44-C/T",0.25
"100035643-10-C/A",0.3125
"100035650-12-C/T",0.3125
"100035651-20-A/G",0.40625
"100035651-24-T/C",0.28125
"100035651-45-A/G",0.28125
"100035651-46-A/G",0.34375
"100035651-49-G/A",0.40625
"100035656-11-C/A",0.21875
"100035656-14-C/T",0.375
"100035656-42-C/T",0.28125
"100035656-45-A/G",0.5
"100035656-60-A/G",0.34375
"100035658-6-G/A",0.25
"100035659-11-C/A",0.21875
"100035660-20-A/G",0.4375
"100035660-22-A/T",0.34375
"100035661-31-G/A",0.1875
"100035662-34-G/T",0.25
"100035660-56-A/G",0.1875
"100035660-60-C/A",0.34375
"100035663-61-T/C",0.34375
"100035666-10-A/G",0.34375
"100035667-11-G/A",0.34375
"100035667-18-C/T",0.34375
"100035666-24-A/G",0.28125
"100035667-29-T/G",0.40625
"100035666-37-T/C",0.3125
"100035667-40-T/G",0.21875
"100035667-44-T/C",0.25
"100035672-11-T/G",0.3125
"100035673-13-A/G",0.40625
"100035675-34-G/A",0.4375
"100035681-9-T/G",0.4375
"100035681-11-T/A",0.4375
"100035681-24-A/T",0.375
"100035682-27-A/G",0.40625
"100035681-28-T/C",0.3125
"100035681-37-T/C",0.25
"100035681-41-T/C",0.4375
"100035681-56-T/C",0.28125
"100035681-66-T/C",0.375
"100035689-9-A/C",0.34375
"100035689-11-C/T",0.25
"100035690-20-T/C",0.3125
"100035689-25-C/T",0.3125
"100035690-30-T/C",0.375
"100035689-33-G/T",0.3125
"100035690-34-A/T",0.375
"100035689-42-G/A",0.28125
"100035698-33-A/C",0.375
"100035699-39-G/A",0.15625
"100035701-23-A/G",0.25
"100035705-43-G/A",0.34375
"100035707-12-T/C",0.4375
"100035707-33-T/G",0.40625
"100035707-43-A/G",0.40625
"100035716-5-C/T",0.375
"100035716-31-C/A",0.3125
"100035716-48-G/A",0.3125
"100035725-11-T/A",0.34375
"100035725-48-T/C",0.15625
"100035727-56-G/A",0.46875
"100035725-66-T/C",0.25
"100035729-9-T/A",0.1875
"100035730-11-C/T",0.3125
"100035729-15-A/G",0.21875
"100035729-20-A/G",0.5
"100035730-25-A/G",0.15625
"100035729-33-T/G",0.3125
"100035729-35-G/A",0.28125
"100035730-54-G/A",0.40625
"100035729-66-A/T",0.1875
"100035733-11-T/G",0.40625
"100035734-14-A/C",0.46875
"100035736-42-G/T",0.3125
"100035738-5-T/C",0.4375
"100035739-10-A/T",0.3125
"100035739-15-T/C",0.40625
"100035739-33-C/A",0.1875
"100035738-39-G/A",0.25
"100035739-40-A/C",0.3125
"100035738-41-T/A",0.34375
"100035738-44-T/C",0.3125
"100035741-12-T/G",0.34375
"100035741-24-T/C",0.3125
"100035741-27-T/A",0.3125
"100035741-31-G/A",0.4375
"100035745-46-A/G",0.25
"100035749-9-G/A",0.25
"100035750-51-G/A",0.34375
"100035752-11-T/A",0.34375
"100035752-31-T/C",0.46875
"100035756-11-A/G",0.28125
"100035757-18-C/G",0.3125
"100035757-20-T/A",0.25
"100035758-30-A/G",0.25
"100035758-33-A/C",0.34375
"100035757-36-T/C",0.25
"100035757-40-T/C",0.34375
"100035758-67-T/C",0.21875
"100035760-14-A/G",0.28125
"100035761-21-T/C",0.375
"100035761-24-T/C",0.40625
"100035760-29-A/G",0.4375
"100035762-33-T/C",0.34375
"100035761-36-T/C",0.34375
"100035761-44-T/C",0.28125
"100035761-46-G/A",0.28125
"100035761-65-T/C",0.375
"100035764-11-C/G",0.3125
"100035772-9-G/T",0.15625
"100035774-16-G/C",0.28125
"100035776-54-C/T",0.1875
"100035783-7-T/C",0.40625
"100035783-9-T/A",0.34375
"100035783-24-A/G",0.34375
"100035783-31-A/G",0.40625
"100035783-36-C/T",0.28125
"100035786-19-C/T",0.53125
"100035787-31-A/G",0.375
"100035788-32-G/T",0.34375
"100035788-33-T/A",0.25
"100035790-6-A/G",0.34375
"100035791-7-G/A",0.25
"100035790-9-G/T",0.28125
"100035790-10-A/T",0.1875
"100035792-31-A/C",0.34375
"100035790-33-G/T",0.40625
"100035790-41-T/C",0.25
"100035796-32-C/T",0.28125
"100035799-11-T/G",0.25
"100035800-15-C/T",0.25
"100035799-16-G/A",0.375
"100035799-24-T/C",0.28125
"100035801-28-C/T",0.375
"100035802-33-C/T",0.34375
"100035799-41-G/C",0.375
"100035802-45-A/G",0.34375
"100035804-11-C/A",0.34375
"100035804-27-T/C",0.3125
"100035814-9-T/C",0.25
"100035814-13-A/G",0.3125
"100035814-27-A/T",0.28125
"100035814-34-A/C",0.3125
"100035814-39-C/T",0.34375
"100035816-11-T/A",0.34375
"100035816-16-A/G",0.46875
"100035816-18-T/C",0.21875
"100035818-29-T/A",0.40625
"100035816-30-A/G",0.25
"100035818-33-T/A",0.25
"100035816-41-G/A",0.25
"100035816-45-G/A",0.25
"100035820-5-T/C",0.40625
"100035821-9-A/G",0.25
"100035820-26-A/G",0.375
"100035820-28-G/A",0.34375
"100035824-9-T/C",0.40625
"100035824-10-C/T",0.34375
"100035824-20-A/G",0.4375
"100035824-23-C/G",0.28125
"100035824-28-A/G",0.21875
"100035839-9-A/G",0.4375
"100035840-31-T/C",0.5
"100035839-32-A/T",0.40625
"100035840-33-G/A",0.4375
"100035840-41-A/G",0.40625
"100035839-42-C/A",0.40625
"100035841-48-G/A",0.3125
"100035840-49-A/G",0.28125
"100035842-66-C/T",0.25
"100035844-22-T/C",0.28125
"100035845-23-T/C",0.3125
"100035845-33-C/G",0.3125
"100035846-50-G/A",0.15625
"100035844-59-A/G",0.1875
"100035844-66-A/G",0.25
"100035848-8-G/A",0.375
"100035848-10-A/G",0.40625
"100035849-12-A/G",0.40625
"100035849-17-A/G",0.375
"100035848-23-A/G",0.3125
"100035848-31-A/T",0.25
"100035848-45-A/G",0.25
"100035850-56-G/T",0.28125
"100035849-60-T/C",0.40625
"100035851-63-A/T",0.25
"100035853-7-T/C",0.34375
"100035853-24-C/T",0.375
"100035853-33-T/A",0.5625
"100035853-56-G/A",0.1875
"100035858-7-C/T",0.375
"100035861-33-A/G",0.40625
"100035861-44-A/G",0.34375
"100035861-48-T/C",0.3125
"100035863-12-T/C",0.21875
"100035863-22-T/C",0.3125
"100035863-31-C/A",0.21875
"100035863-33-T/A",0.40625
"100035863-45-T/C",0.28125
"100035863-51-T/C",0.34375
"100035863-64-G/A",0.46875
"100035868-10-A/G",0.21875
"100035868-28-T/C",0.28125
"100035868-45-C/A",0.25
"100035868-50-A/G",0.34375
"100035868-63-A/T",0.25
"100035879-11-A/G",0.25
"100035879-31-G/C",0.34375
"100035879-35-T/C",0.28125
"100035883-11-C/T",0.34375
"100035884-33-T/G",0.28125
"100035883-34-T/C",0.3125
"100035883-41-T/A",0.25
"100035883-42-T/C",0.28125
"100035884-60-T/C",0.40625
"100035883-61-C/T",0.21875
"100035883-62-A/G",0.25
"100035886-11-C/G",0.34375
"100035887-12-G/A",0.34375
"100035888-20-C/A",0.28125
"100035888-33-G/A",0.34375
"100035888-36-T/G",0.3125
"100035888-53-A/G",0.25
"100035886-57-T/C",0.28125
"100035886-68-A/G",0.28125
"100035890-5-C/T",0.34375
"100035891-6-T/C",0.34375
"100035891-11-C/G",0.375
"100035891-23-A/G",0.34375
"100035891-31-T/A",0.28125
"100035891-44-T/G",0.375
"100035891-50-A/G",0.34375
"100035893-55-G/A",0.28125
"100035895-11-C/A",0.34375
"100035895-14-A/G",0.375
"100035895-56-T/A",0.4375
"100035895-62-T/C",0.3125
"100035901-8-C/T",0.28125
"100035902-11-T/A",0.1875
"100035901-33-T/A",0.25
"100035900-53-G/A",0.15625
"100035903-54-G/T",0.40625
"100035904-65-G/A",0.34375
"100035907-11-G/T",0.21875
"100035908-15-G/A",0.40625
"100035907-28-T/G",0.3125
"100035907-31-A/G",0.3125
"100035907-41-A/G",0.25
"100035907-45-C/A",0.34375
"100035907-51-A/G",0.28125
"100035907-58-A/G",0.4375
"100035907-59-A/G",0.28125
"100035910-10-T/A",0.21875
"100035911-28-C/T",0.34375
"100035912-29-C/T",0.375
"100035910-32-G/A",0.3125
"100035912-35-A/G",0.3125
"100035912-41-T/C",0.40625
"100035912-53-A/T",0.4375
"100035910-60-T/C",0.34375
"100035910-62-A/G",0.28125
"100035915-12-G/A",0.34375
"100035916-37-T/C",0.34375
"100035919-44-G/C",0.21875
"100035922-5-C/T",0.28125
"100035922-7-A/G",0.25
"100035922-11-A/G",0.25
"100035923-17-C/T",0.09375
"100035922-27-C/T",0.3125
"100035922-33-T/G",0.1875
"100035924-36-C/T",0.25
"100035923-37-T/C",0.375
"100035923-42-T/C",0.40625
"100035926-11-T/A",0.3125
"100035926-12-T/C",0.34375
"100035926-15-T/C",0.21875
"100035926-16-T/C",0.3125
"100035927-33-T/G",0.28125
"100035926-36-T/G",0.40625
"100035926-40-T/C",0.3125
"100035926-44-T/C",0.28125
"100035927-47-G/A",0.34375
"100035931-16-G/T",0.21875
"100035932-18-T/C",0.3125
"100035933-27-G/A",0.3125
"100035934-29-T/C",0.46875
"100035931-31-C/T",0.3125
"100035931-33-G/C",0.28125
"100035931-36-A/G",0.375
"100035932-56-A/G",0.25
"100035939-11-T/A",0.25
"100035940-20-A/C",0.28125
"100035940-23-G/A",0.3125
"100035940-25-A/T",0.40625
"100035940-26-T/C",0.28125
"100035939-31-G/A",0.3125
"100035939-33-T/C",0.3125
"100035939-43-T/C",0.4375
"100035943-7-T/G",0.46875
"100035944-9-C/T",0.28125
"100035944-13-T/A",0.125
"100035943-17-A/G",0.28125
"100035945-21-G/A",0.34375
"100035943-23-A/T",0.34375
"100035944-32-G/T",0.3125
"100035944-33-A/G",0.34375
"100035949-12-T/G",0.28125
"100035950-20-T/G",0.3125
"100035949-31-A/C",0.25
"100035949-33-A/C",0.375
"100035952-15-T/C",0.21875
"100035952-21-G/A",0.34375
"100035953-24-C/T",0.375
"100035952-30-T/C",0.21875
"100035952-31-T/A",0.34375
"100035952-32-T/A",0.3125
"100035952-41-T/C",0.28125
"100035952-44-A/G",0.28125
"100035952-46-A/G",0.40625
"100035958-9-A/C",0.375
"100035960-31-G/T",0.3125
"100035961-43-G/A",0.28125
"100035967-5-T/C",0.3125
"100035967-9-T/A",0.15625
"100035967-13-T/C",0.25
"100035967-17-C/T",0.34375
"100035967-20-G/A",0.34375
"100035967-30-C/A",0.3125
"100035971-16-A/C",0.21875
"100035972-28-G/A",0.34375
"100035973-31-G/C",0.40625
"100035974-33-A/T",0.34375
"100035971-34-T/A",0.375
"100035977-24-A/T",0.375
"100035978-31-C/G",0.28125
"100035979-44-T/C",0.4375
"100035988-9-C/G",0.4375
"100035989-11-A/G",0.28125
"100035989-19-A/T",0.375
"100035989-21-A/G",0.28125
"100035990-28-C/T",0.1875
"100035989-30-T/C",0.1875
"100035989-31-T/A",0.28125
"100035991-32-A/G",0.34375
"100035988-33-G/A",0.375
"100035988-66-A/G",0.3125
"100035997-14-G/A",0.3125
"100036001-33-T/A",0.25
"100036016-8-A/T",0.3125
"100036016-9-A/G",0.28125
"100036018-23-A/G",0.46875
"100036016-31-A/C",0.375
"100036019-33-C/A",0.21875
"100036020-42-C/T",0.34375
"100036019-46-A/G",0.375
"100036016-54-G/A",0.25
"100036022-8-T/G",0.3125
"100036023-10-T/C",0.25
"100036024-11-A/T",0.34375
"100036024-31-C/G",0.15625
"100036026-33-A/T",0.34375
"100036027-36-C/T",0.3125
"100036028-39-C/T",0.25
"100036033-17-T/C",0.28125
"100036033-43-A/G",0.40625
"100036045-8-T/C",0.3125
"100036046-10-G/A",0.28125
"100036047-14-T/C",0.25
"100036049-36-C/T",0.21875
"100036050-56-T/C",0.375
"100036049-60-T/C",0.375
"100036050-62-A/G",0.25
"100036056-9-A/T",0.1875
"100036056-11-A/C",0.25
"100036057-15-G/A",0.34375
"100036056-16-A/G",0.3125
"100036056-24-A/T",0.34375
"100036056-31-C/A",0.28125
"100036056-37-T/C",0.34375
"100036058-38-T/C",0.375
"100036059-39-C/T",0.09375
"100036060-46-C/T",0.375
"100036056-51-T/C",0.15625
"100036062-7-T/C",0.21875
"100036063-10-A/G",0.34375
"100036062-14-C/A",0.3125
"100036063-24-G/T",0.25
"100036062-41-A/G",0.28125
"100036065-54-C/T",0.28125
"100036062-60-C/A",0.375
"100036062-67-A/G",0.1875
"100036075-23-T/C",0.375
"100036077-34-T/C",0.4375
"100036077-54-A/G",0.28125
"100036082-53-T/G",0.375
"100036086-20-C/A",0.28125
"100036086-60-T/A",0.40625
"100036094-10-A/T",0.25
"100036094-16-T/C",0.46875
"100036094-29-G/T",0.34375
"100036096-45-A/T",0.3125
"100036103-10-C/T",0.34375
"100036110-6-T/C",0.4375
"100036110-11-A/G",0.34375
"100036110-14-G/A",0.28125
"100036111-18-T/C",0.28125
"100036111-20-G/T",0.28125
"100036111-21-A/T",0.375
"100036110-31-A/G",0.25
"100036111-32-T/A",0.34375
"100036111-33-A/C",0.25
"100036110-58-T/C",0.1875
"100036113-8-T/C",0.40625
"100036113-11-C/G",0.375
"100036113-33-A/G",0.1875
"100036113-36-C/T",0.25
"100036113-64-C/T",0.21875
"100036118-11-G/A",0.34375
"100036118-34-G/T",0.34375
"100036121-8-G/A",0.25
"100036122-18-A/G",0.375
"100036128-8-G/A",0.53125
"100036132-10-T/A",0.34375
"100036132-11-T/C",0.3125
"100036132-31-G/T",0.1875
"100036132-32-T/C",0.4375
"100036132-36-C/G",0.375
"100036132-41-A/G",0.09375
"100036132-45-C/G",0.28125
"100036136-33-C/A",0.40625
"100036137-38-G/A",0.375
"100036138-41-C/A",0.3125
"100036141-9-A/G",0.34375
"100036142-15-G/A",0.15625
"100036142-19-C/T",0.28125
"100036142-20-T/C",0.25
"100036142-42-C/G",0.4375
"100036142-43-A/C",0.15625
"100036141-44-A/T",0.21875
"100036141-45-T/C",0.21875
"100036142-46-C/A",0.40625
"100036142-49-C/T",0.34375
"100036147-8-A/G",0.3125
"100036147-26-T/C",0.21875
"100036147-31-A/C",0.28125
"100036147-32-C/T",0.3125
"100036147-33-A/G",0.28125
"100036147-38-T/C",0.21875
"100036147-40-G/A",0.25
"100036147-50-G/A",0.375
"100036151-11-G/A",0.1875
"100036153-19-G/A",0.3125
"100036159-9-G/T",0.21875
"100036160-11-C/T",0.25
"100036160-14-G/A",0.4375
"100036160-22-A/G",0.25
"100036160-24-A/G",0.40625
"100036160-32-G/T",0.3125
"100036160-34-A/G",0.25
"100036160-44-G/A",0.3125
"100036160-63-G/T",0.25
"100036164-11-A/C",0.4375
"100036165-16-A/C",0.28125
"100036166-18-G/A",0.1875
"100036164-34-T/G",0.3125
"100036167-39-C/T",0.3125
"100036167-46-T/C",0.34375
"100036167-51-T/C",0.3125
"100036167-55-A/G",0.25
"100036167-61-C/T",0.3125
"100036168-64-C/T",0.34375
"100036167-66-T/C",0.3125
"100036170-6-T/C",0.375
"100036171-8-T/C",0.34375
"100036172-23-A/G",0.3125
"100036172-39-A/G",0.3125
"100036172-41-C/G",0.28125
"100036170-54-C/T",0.28125
"100036170-62-A/G",0.25
"100036172-63-C/G",0.1875
"100036172-68-T/A",0.40625
"100036179-36-T/G",0.34375
"100036184-10-T/G",0.3125
"100036184-11-C/G",0.3125
"100036184-16-C/A",0.28125
"100036184-24-T/C",0.1875
"100036184-26-T/C",0.34375
"100036184-27-T/C",0.3125
"100036184-30-A/T",0.5625
"100036184-31-G/C",0.34375
"100036184-35-A/T",0.28125
"100036185-36-A/G",0.28125
"100036184-54-G/A",0.34375
"100036187-7-T/C",0.25
"100036187-12-T/G",0.40625
"100036187-29-A/T",0.1875
"100036187-33-A/G",0.3125
"100036187-34-A/T",0.40625
"100036187-42-G/A",0.21875
"100036199-7-G/A",0.40625
"100036200-9-A/C",0.21875
"100036199-11-T/C",0.375
"100036199-14-A/G",0.28125
"100036201-15-G/A",0.25
"100036202-29-C/T",0.375
"100036199-31-C/G",0.375
"100036200-33-G/T",0.40625
"100036203-37-C/T",0.34375
"100036199-41-C/T",0.15625
"100036199-44-T/C",0.375
"100036204-65-T/C",0.3125
"100036208-11-A/G",0.34375
"100036208-28-A/G",0.375
"100036208-30-T/A",0.34375
"100036210-33-G/C",0.3125
"100036208-35-A/T",0.28125
"100036208-42-C/T",0.28125
"100036214-12-T/G",0.28125
"100036214-24-A/G",0.21875
"100036214-26-A/G",0.25
"100036214-31-C/T",0.21875
"100036215-51-C/A",0.4375
"100036217-11-C/G",0.25
"100036217-53-A/G",0.5
"100036225-33-C/T",0.3125
"100036227-38-G/A",0.21875
"100036239-56-T/A",0.5
"100036240-67-C/A",0.1875
"100036249-14-T/A",0.1875
"100036249-15-C/A",0.34375
"100036249-22-G/T",0.1875
"100036249-31-T/A",0.28125
"100036250-37-T/C",0.375
"100036250-38-C/T",0.28125
"100036250-46-A/C",0.09375
"100036250-48-A/G",0.25
"100036250-52-A/G",0.34375
"100036250-53-T/C",0.3125
"100036250-62-A/G",0.28125
"100036250-66-A/C",0.28125
"100036249-68-T/C",0.15625
"100036255-49-C/T",0.28125
"100036257-9-A/G",0.34375
"100036257-14-A/G",0.34375
"100036257-20-T/A",0.25
"100036257-23-T/A",0.375
"100036257-28-A/G",0.375
"100036258-32-T/C",0.21875
"100036257-34-T/C",0.375
"100036257-49-T/C",0.4375
"100036257-53-T/C",0.09375
"100036257-57-T/C",0.5625
"100036257-63-C/T",0.3125
"100036257-65-T/C",0.3125
"100036260-10-T/A",0.21875
"100036260-11-C/G",0.25
"100036260-30-A/G",0.3125
"100036260-31-C/G",0.4375
"100036260-33-C/G",0.40625
"100036261-34-C/G",0.21875
"100036261-35-A/G",0.4375
"100036261-36-T/C",0.21875
"100036261-45-T/A",0.34375
"100036261-53-A/C",0.375
"100036263-8-G/A",0.28125
"100036263-12-T/C",0.3125
"100036263-15-G/A",0.3125
"100036263-18-T/C",0.25
"100036264-21-A/T",0.25
"100036265-31-A/T",0.375
"100036263-40-T/C",0.25
"100036274-10-C/T",0.28125
"100036276-45-C/T",0.25
"100036279-11-C/A",0.34375
"100036280-20-G/A",0.1875
"100036279-33-C/A",0.3125
"100036279-45-T/C",0.3125
"100036279-46-T/G",0.28125
"100036279-60-T/A",0.25
"100036287-7-T/C",0.34375
"100036288-11-C/A",0.28125
"100036293-6-T/C",0.21875
"100036293-13-T/C",0.5
"100036293-14-T/A",0.28125
"100036293-22-T/C",0.3125
"100036294-32-A/G",0.375
"100036293-33-G/A",0.53125
"100036295-48-C/T",0.46875
"100036294-52-T/C",0.28125
"100036296-64-G/A",0.375
"100036294-67-G/C",0.28125
"100036304-9-T/G",0.25
"100036304-11-T/G",0.28125
"100036305-13-T/C",0.3125
"100036304-16-T/A",0.25
"100036304-21-A/G",0.40625
"100036306-24-C/T",0.375
"100036304-25-G/A",0.25
"100036305-29-A/G",0.25
"100036304-31-A/G",0.5
"100036304-32-A/G",0.28125
"100036305-39-T/C",0.21875
"100036304-43-G/C",0.25
"100036312-25-C/G",0.25
"100036312-27-A/C",0.25
"100036312-30-T/A",0.28125
"100036312-31-C/A",0.28125
"100036312-32-T/G",0.4375
"100036312-33-C/T",0.25
"100036312-66-C/T",0.21875
"100036314-5-T/C",0.3125
"100036316-21-C/T",0.28125
"100036316-26-C/T",0.28125
"100036324-56-C/T",0.21875
"100036327-10-T/C",0.375
"100036327-11-C/G",0.40625
"100036327-20-A/G",0.1875
"100036327-22-T/C",0.28125
"100036327-37-T/C",0.21875
"100036327-60-C/T",0.375
"100036335-28-T/C",0.375
"100036336-31-A/G",0.25
"100036339-9-T/C",0.375
"100036340-11-C/A",0.21875
"100036339-12-A/T",0.125
"100036339-23-C/T",0.3125
"100036339-30-G/C",0.25
"100036340-31-G/T",0.46875
"100036341-33-T/C",0.1875
"100036342-34-A/T",0.28125
"100036340-41-A/G",0.21875
"100036340-44-T/C",0.40625
"100036339-46-C/G",0.40625
"100036343-48-C/T",0.375
"100036348-31-G/A",0.25
"100036352-8-C/G",0.40625
"100036352-24-A/G",0.21875
"100036352-30-A/G",0.375
"100036352-31-G/A",0.28125
"100036352-32-C/A",0.40625
"100036352-35-C/T",0.34375
"100036352-41-C/G",0.1875
"100036352-45-A/T",0.1875
"100036352-64-A/G",0.28125
"100036356-11-T/G",0.25
"100036356-14-T/C",0.34375
"100036357-20-C/G",0.25
"100036357-21-A/G",0.40625
"100036358-29-G/A",0.28125
"100036357-32-A/C",0.28125
"100036356-46-C/A",0.40625
"100036357-68-G/A",0.3125
"100036362-11-A/C",0.375
"100036362-26-A/C",0.21875
"100036362-31-T/G",0.28125
"100036362-41-C/T",0.28125
"100036362-51-C/T",0.25
"100036362-68-A/G",0.28125
"100036382-10-A/C",0.25
"100036383-11-A/G",0.28125
"100036383-20-A/T",0.28125
"100036383-24-T/C",0.5
"100036382-42-T/C",0.25
"100036383-46-T/A",0.3125
"100036385-10-A/G",0.4375
"100036385-11-A/G",0.3125
"100036386-27-C/T",0.3125
"100036386-30-G/T",0.1875
"100036386-31-A/G",0.4375
"100036386-43-C/A",0.28125
"100036386-46-A/G",0.25
"100036386-50-T/C",0.3125
"100036386-56-C/T",0.40625
"100036391-11-C/G",0.25
"100036391-14-C/A",0.1875
"100036392-16-T/C",0.3125
"100036392-17-C/T",0.34375
"100036392-27-T/C",0.375
"100036393-29-A/G",0.28125
"100036393-31-C/T",0.28125
"100036392-33-C/T",0.28125
"100036392-39-A/G",0.4375
"100036392-48-G/T",0.375
"100036392-52-C/T",0.28125
"100036394-53-T/G",0.25
"100036402-8-T/C",0.25
"100036402-21-T/G",0.40625
"100036402-33-A/G",0.25
"100036407-45-G/A",0.25
"100036408-49-G/A",0.46875
"100036402-54-A/G",0.46875
"100036402-61-A/G",0.1875
"100036411-11-G/T",0.46875
"100036411-61-T/C",0.25
"100036411-63-T/C",0.46875
"100036414-66-G/A",0.15625
"100036420-5-T/C",0.34375
"100036422-9-G/T",0.21875
"100036424-34-C/T",0.375
"100036425-58-A/T",0.46875
"100036442-14-C/T",0.3125
"100036443-31-G/A",0.34375
"100036445-37-A/T",0.1875
"100036447-60-T/C",0.25
"100036450-13-G/A",0.3125
"100036451-14-A/C",0.375
"100036455-36-T/A",0.4375
"100036456-37-T/C",0.65625
"100036457-38-T/C",0.3125
"100036455-67-G/A",0.375
"100036461-13-G/A",0.28125
"100036462-25-C/T",0.25
"100036463-34-A/C",0.28125
"100036463-35-C/A",0.375
"100036463-41-C/A",0.3125
"100036463-48-T/C",0.3125
"100036463-68-A/G",0.34375
"100036469-11-A/T",0.34375
"100036473-66-G/A",0.21875
"100036476-8-G/T",0.3125
"100036476-9-A/T",0.28125
"100036476-10-T/G",0.34375
"100036477-11-C/A",0.3125
"100036476-14-T/C",0.34375
"100036476-15-A/G",0.375
"100036478-22-A/G",0.3125
"100036476-23-A/G",0.28125
"100036477-24-T/C",0.5
"100036476-25-T/C",0.4375
"100036477-30-A/G",0.46875
"100036477-33-C/A",0.25
"100036491-9-A/C",0.3125
"100036491-10-A/G",0.1875
"100036491-11-G/A",0.25
"100036491-20-G/T",0.21875
"100036492-24-T/A",0.125
"100036492-27-T/C",0.40625
"100036491-44-T/C",0.25
"100036491-45-A/G",0.28125
"100036491-53-T/A",0.34375
"100036509-9-T/C",0.28125
"100036509-13-A/G",0.3125
"100036509-33-T/C",0.375
"100036509-44-G/C",0.34375
"100036509-47-T/C",0.3125
"100036509-53-C/T",0.21875
"100036509-55-G/T",0.3125
"100036509-63-T/A",0.375
"100036514-14-T/C",0.3125
"100036514-24-A/T",0.25
"100036519-11-A/T",0.3125
"100036519-20-G/A",0.34375
"100036519-22-T/C",0.28125
"100036522-7-G/A",0.28125
"100036523-10-T/G",0.21875
"100036524-11-G/A",0.4375
"100036528-49-G/A",0.28125
"100036529-63-A/G",0.1875
"100036533-17-T/C",0.4375
"100036533-32-A/G",0.28125
"100036533-56-T/G",0.34375
"100036533-64-C/T",0.21875
"100036533-68-C/T",0.375
"100036538-6-C/T",0.40625
"100036539-9-T/C",0.28125
"100036540-11-G/T",0.34375
"100036541-13-C/T",0.28125
"100036542-20-A/G",0.25
"100036539-21-A/G",0.34375
"100036539-27-C/G",0.46875
"100036542-30-A/G",0.28125
"100036543-33-C/A",0.1875
"100036542-37-T/C",0.15625
"100036539-48-G/T",0.375
"100036539-64-A/G",0.375
"100036544-67-T/C",0.4375
"100036542-68-T/A",0.28125
"100036546-12-A/G",0.34375
"100036549-46-C/A",0.5
"100036546-53-G/T",0.28125
"100036559-11-A/G",0.4375
"100036560-20-T/A",0.34375
"100036559-24-A/G",0.4375
"100036559-28-A/G",0.3125
"100036559-31-C/G",0.4375
"100036559-33-T/A",0.5
"100036559-50-T/C",0.3125
"100036559-61-A/G",0.46875
"100036560-63-A/C",0.28125
"100036559-65-A/G",0.21875
"100036564-6-T/C",0.34375
"100036564-8-A/G",0.3125
"100036564-11-C/T",0.375
"100036564-13-C/T",0.28125
"100036564-22-C/T",0.46875
"100036564-43-T/C",0.5
"100036569-8-T/C",0.28125
"100036569-10-A/G",0.375
"100036570-11-T/A",0.28125
"100036570-12-C/T",0.3125
"100036570-14-T/C",0.34375
"100036569-15-C/T",0.4375
"100036570-17-T/C",0.3125
"100036569-25-G/A",0.40625
"100036569-31-A/C",0.25
"100036569-33-A/C",0.3125
"100036569-43-T/C",0.28125
"100036571-55-A/G",0.34375
"100036569-57-A/G",0.25
"100036569-58-T/C",0.3125
"100036569-68-T/C",0.4375
"100036573-9-A/G",0.34375
"100036574-11-T/C",0.3125
"100036573-13-T/C",0.21875
"100036573-17-G/T",0.25
"100036573-20-A/G",0.375
"100036573-23-C/T",0.4375
"100036575-24-C/T",0.25
"100036573-27-T/C",0.3125
"100036573-31-T/C",0.21875
"100036576-33-A/C",0.375
"100036579-18-A/G",0.21875
"100036579-21-C/T",0.1875
"100036580-22-A/G",0.46875
"100036581-31-G/C",0.3125
"100036582-32-G/A",0.21875
"100036584-38-C/T",0.5
"100036585-41-A/C",0.125
"100036587-9-T/C",0.21875
"100036588-12-T/C",0.25
"100036587-16-G/A",0.40625
"100036590-20-G/T",0.34375
"100036587-33-G/T",0.21875
"100036593-6-G/A",0.21875
"100036593-8-C/A",0.4375
"100036593-11-C/T",0.28125
"100036593-15-A/G",0.28125
"100036593-26-A/G",0.3125
"100036593-27-T/C",0.46875
"100036593-33-C/T",0.21875
"100036593-36-T/C",0.375
"100036593-45-A/C",0.25
"100036593-50-A/G",0.1875
"100036593-54-A/G",0.34375
"100036593-56-C/G",0.375
"100036593-59-A/G",0.4375
"100036597-5-A/G",0.34375
"100036600-33-A/G",0.25
"100036601-34-C/T",0.3125
"100036606-10-A/C",0.25
"100036606-12-T/G",0.375
"100036606-14-C/G",0.34375
"100036606-31-A/G",0.28125
"100036606-38-C/A",0.15625
"100036606-67-G/A",0.3125
"100036615-9-C/A",0.3125
"100036615-10-A/T",0.28125
"100036615-20-G/C",0.375
"100036615-24-G/C",0.34375
"100036615-33-A/G",0.40625
"100036615-34-A/C",0.3125
"100036615-46-C/T",0.4375
"100036615-48-T/C",0.28125
"100036615-61-A/G",0.21875
"100036615-62-A/G",0.34375
"100036618-25-A/C",0.34375
"100036619-62-G/A",0.28125
"100036620-64-G/A",0.3125
"100036640-11-G/A",0.40625
"100036641-21-C/T",0.40625
"100036641-28-T/G",0.25
"100036641-29-T/C",0.34375
"100036641-33-A/T",0.375
"100036641-46-C/G",0.375
"100036642-56-G/T",0.21875
"100036647-33-G/A",0.28125
"100036647-36-G/T",0.34375
"100036647-64-A/G",0.34375
"100036647-68-A/G",0.21875
"100036652-16-G/A",0.28125
"100036652-31-C/A",0.25
"100036652-56-C/T",0.34375
"100036652-63-T/A",0.25
"100036652-65-C/T",0.40625
"100036656-7-A/G",0.34375
"100036656-12-A/G",0.375
"100036656-13-C/T",0.3125
"100036656-16-T/A",0.3125
"100036656-23-T/C",0.375
"100036656-26-T/C",0.3125
"100036656-30-T/G",0.15625
"100036656-34-G/A",0.1875
"100036656-56-C/T",0.15625
"100036666-58-G/T",0.28125
"100036668-8-C/A",0.46875
"100036668-11-A/G",0.25
"100036668-16-A/G",0.25
"100036670-23-G/A",0.40625
"100036668-32-C/G",0.28125
"100036668-45-G/A",0.40625
"100036668-47-A/T",0.28125
"100036675-9-T/G",0.15625
"100036675-23-C/T",0.25
"100036676-33-G/A",0.28125
"100036675-54-A/G",0.28125
"100036675-58-T/A",0.1875
"100036675-62-A/G",0.28125
"100036683-10-A/G",0.28125
"100036683-11-A/C",0.3125
"100036685-20-G/A",0.1875
"100036683-45-T/A",0.3125
"100036683-46-T/C",0.3125
"100036695-11-G/A",0.1875
"100036695-22-T/C",0.4375
"100036695-23-C/G",0.40625
"100036695-27-T/C",0.375
"100036695-42-G/A",0.375
"100036695-46-T/A",0.34375
"100036701-7-T/C",0.34375
"100036701-8-T/C",0.3125
"100036701-9-T/G",0.3125
"100036701-26-T/C",0.34375
"100036704-31-G/T",0.1875
"100036701-34-G/T",0.40625
"100036701-37-C/T",0.21875
"100036711-25-G/A",0.375
"100036716-7-T/C",0.28125
"100036716-11-T/C",0.21875
"100036717-16-G/A",0.375
"100036718-18-T/C",0.40625
"100036716-23-T/C",0.40625
"100036716-25-T/C",0.28125
"100036718-29-T/C",0.28125
"100036716-33-G/A",0.3125
"100036716-38-A/G",0.15625
"100036718-44-A/G",0.34375
"100036718-49-A/G",0.28125
"100036716-53-A/G",0.1875
"100036716-55-A/G",0.4375
"100036718-60-C/G",0.28125
"100036721-5-G/A",0.375
"100036722-7-T/C",0.34375
"100036721-9-T/G",0.46875
"100036722-17-A/G",0.40625
"100036722-18-T/G",0.21875
"100036722-20-T/C",0.40625
"100036721-28-A/G",0.3125
"100036722-29-T/A",0.25
"100036722-30-A/C",0.1875
"100036721-31-G/A",0.375
"100036722-34-C/G",0.15625
"100036721-36-T/C",0.34375
"100036726-11-T/A",0.21875
"100036726-14-C/T",0.375
"100036735-9-T/G",0.375
"100036735-25-T/C",0.34375
"100036735-38-A/G",0.21875
"100036737-49-T/C",0.375
"100036735-57-A/G",0.21875
"100036735-63-G/A",0.28125
"100036735-64-T/A",0.34375
"100036750-6-G/T",0.34375
"100036751-7-A/G",0.34375
"100036754-10-T/A",0.40625
"100036755-11-A/C",0.3125
"100036751-12-G/T",0.34375
"100036750-15-A/G",0.40625
"100036756-16-G/A",0.21875
"100036754-21-G/A",0.25
"100036750-24-G/A",0.21875
"100036762-14-A/T",0.3125
"100036762-16-C/T",0.28125
"100036762-31-C/A",0.40625
"100036762-42-A/G",0.1875
"100036762-47-T/C",0.28125
"100036762-56-G/A",0.25
"100036762-57-G/A",0.34375
"100036762-58-T/G",0.28125
"100036762-67-T/C",0.3125
"100036765-8-G/A",0.40625
"100036766-9-G/A",0.21875
"100036770-33-G/A",0.25
"100036771-53-C/T",0.3125
"100036779-12-C/T",0.40625
"100036780-14-A/C",0.125
"100036779-19-T/C",0.25
"100036779-20-T/A",0.28125
"100036779-21-C/A",0.3125
"100036779-22-A/G",0.3125
"100036780-25-C/A",0.3125
"100036780-26-C/A",0.25
"100036779-27-G/T",0.34375
"100036784-9-C/T",0.34375
"100036785-13-C/T",0.3125
"100036786-18-C/T",0.28125
"100036788-27-G/A",0.1875
"100036789-29-C/T",0.28125
"100036790-31-T/C",0.25
"100036791-32-G/A",0.28125
"100036792-34-A/T",0.1875
"100036786-41-G/A",0.46875
"100036793-42-T/G",0.28125
"100036796-9-T/A",0.34375
"100036797-11-G/A",0.25
"100036798-12-G/A",0.21875
"100036799-19-A/G",0.25
"100036801-24-T/C",0.34375
"100036801-31-C/T",0.375
"100036802-33-G/T",0.25
"100036803-35-A/T",0.25
"100036804-44-T/G",0.3125
"100036801-52-G/C",0.40625
"100036813-14-G/A",0.3125
"100036814-20-G/A",0.3125
"100036818-11-G/A",0.40625
"100036818-12-T/C",0.25
"100036818-13-T/A",0.28125
"100036819-17-A/G",0.4375
"100036819-22-A/C",0.375
"100036818-23-A/G",0.28125
"100036819-28-A/G",0.1875
"100036818-32-A/C",0.1875
"100036818-34-A/G",0.3125
"100036819-36-A/G",0.28125
"100036819-37-A/G",0.25
"100036819-41-C/T",0.15625
"100036820-50-G/A",0.3125
"100036819-53-A/G",0.40625
"100036818-57-A/G",0.34375
"100036819-58-T/C",0.34375
"100036818-67-T/C",0.3125
"100036819-68-T/A",0.21875
"100036824-11-G/T",0.375
"100036825-24-A/G",0.375
"100036826-25-A/C",0.1875
"100036836-6-A/G",0.3125
"100036840-31-A/T",0.25
"100036842-37-C/A",0.21875
"100036844-54-G/A",0.21875
"100036850-41-A/G",0.40625
"100036852-59-G/A",0.34375
"100036854-7-C/T",0.25
"100036854-9-T/G",0.375
"100036854-15-A/G",0.21875
"100036854-16-T/A",0.40625
"100036854-25-A/G",0.21875
"100036854-31-C/A",0.34375
"100036854-32-C/A",0.40625
"100036857-33-T/A",0.25
"100036854-54-C/G",0.28125
"100036864-25-G/A",0.375
"100036871-9-A/G",0.28125
"100036870-16-T/A",0.25
"100036870-20-A/G",0.34375
"100036870-29-T/C",0.3125
"100036870-36-A/G",0.375
"100036876-45-G/A",0.28125
"100036870-62-T/C",0.3125
"100036870-65-T/C",0.46875
"100036870-68-T/C",0.28125
"100036879-9-G/T",0.375
"100036882-55-A/T",0.40625
"100036886-5-C/T",0.28125
"100036889-14-G/A",0.375
"100036900-5-C/T",0.34375
"100036901-7-T/C",0.34375
"100036901-14-A/G",0.25
"100036901-16-A/G",0.21875
"100036905-31-G/C",0.3125
"100036901-36-A/T",0.25
"100036901-41-C/A",0.4375
"100036907-5-C/T",0.34375
"100036908-6-G/A",0.34375
"100036908-7-G/A",0.3125
"100036911-14-C/T",0.40625
"100036908-21-A/G",0.375
"100036908-24-G/C",0.21875
"100036917-6-T/G",0.3125
"100036917-8-C/A",0.375
"100036917-20-A/G",0.28125
"100036917-34-A/G",0.28125
"100036917-36-G/T",0.34375
"100036917-43-T/C",0.1875
"100036917-47-C/T",0.34375
"100036922-65-T/C",0.34375
"100036941-8-T/C",0.25
"100036941-9-T/C",0.375
"100036941-12-A/G",0.34375
"100036941-16-T/C",0.25
"100036946-31-T/C",0.34375
"100036941-45-G/T",0.34375
"100036941-50-A/G",0.34375
"100036941-56-G/C",0.5
"100036954-36-T/C",0.4375
"100036956-45-A/G",0.25
"100036957-68-G/A",0.25
"100036964-15-G/A",0.09375
"100036967-30-T/A",0.28125
"100036968-31-T/G",0.15625
"100036969-32-G/A",0.40625
"100036971-54-A/C",0.375
"100036974-6-T/C",0.3125
"100036975-8-T/G",0.21875
"100036974-10-A/G",0.1875
"100036975-11-G/A",0.3125
"100036974-12-A/T",0.34375
"100036976-20-A/C",0.21875
"100036975-25-T/C",0.3125
"100036974-31-A/C",0.25
"100036974-34-T/C",0.375
"100036975-36-A/G",0.28125
"100036974-37-A/T",0.21875
"100036974-38-T/C",0.25
"100036974-41-A/G",0.28125
"100036974-43-A/G",0.28125
"100036975-45-T/A",0.3125
"100036974-47-A/G",0.28125
"100036974-49-A/G",0.28125
"100036977-50-G/A",0.34375
"100036974-55-T/C",0.1875
"100036978-59-A/G",0.28125
"100036974-67-C/G",0.21875
"100036981-8-A/G",0.46875
"100036984-14-G/C",0.21875
"100036988-6-T/C",0.46875
"100036988-10-G/A",0.34375
"100036988-25-A/G",0.40625
"100036988-31-T/A",0.21875
"100036988-44-T/G",0.375
"100037004-32-G/T",0.3125
"100037005-35-C/T",0.3125
"100037006-44-A/C",0.34375
"100037007-54-G/A",0.34375
"100037025-10-C/T",0.40625
"100037032-31-A/G",0.1875
"100037035-54-C/G",0.375
"100037042-25-A/G",0.3125
"100037046-29-G/A",0.09375
"100037048-31-A/T",0.3125
"100037042-41-G/A",0.28125
"100037060-20-G/A",0.53125
"100037063-32-T/A",0.46875
"100037065-36-T/C",0.40625
"100037071-9-G/T",0.34375
"100037081-8-A/T",0.25
"100037081-56-A/C",0.25
"100037103-44-A/G",0.3125
"100037105-63-A/G",0.3125
"100037108-10-C/G",0.34375
"100037108-36-G/A",0.28125
"100037108-39-T/C",0.375
"100037108-41-T/G",0.40625
"100037108-45-T/C",0.3125
"100037114-54-C/A",0.375
"100037108-63-A/G",0.375
"100037108-67-G/A",0.40625
"100037108-68-C/A",0.375
"100037117-6-A/G",0.25
"100037118-9-G/A",0.34375
"100037118-14-T/C",0.34375
"100037118-23-C/G",0.4375
"100037118-26-A/G",0.25
"100037118-29-A/G",0.3125
"100037118-32-C/A",0.21875
"100037118-41-T/G",0.375
"100037118-44-T/G",0.25
"100037118-45-A/C",0.375
"100037118-46-A/G",0.25
"100037118-47-C/T",0.40625
"100037118-48-A/G",0.28125
"100037118-51-G/T",0.34375
"100037118-55-G/C",0.3125
"100037122-58-A/G",0.3125
"100037145-14-T/C",0.28125
"100037145-22-C/A",0.25
"100037148-25-G/A",0.1875
"100037151-36-C/A",0.0625
"100037145-39-A/G",0.21875
"100037145-41-A/G",0.375
"100037145-44-A/G",0.40625
"100037145-45-T/A",0.28125
"100037145-47-C/T",0.21875
"100037145-56-T/C",0.3125
"100037145-58-A/G",0.25
"100037145-59-T/G",0.34375
"100037145-66-G/T",0.25
"100037155-8-G/C",0.28125
"100037162-19-A/T",0.375
"100037164-23-C/T",0.3125
"100037165-24-G/A",0.40625
"100037169-37-G/A",0.3125
"100037172-56-G/A",0.25
"100037188-44-T/C",0.34375
"100037193-8-C/T",0.4375
"100037193-15-C/A",0.34375
"100037193-19-T/C",0.4375
"100037196-24-G/A",0.21875
"100037193-26-C/G",0.375
"100037199-6-G/A",0.3125
"100037203-21-G/A",0.1875
"100037205-28-C/T",0.375
"100037218-10-T/C",0.4375
"100037221-32-A/T",0.5
"100037225-45-A/G",0.5625
"100037226-56-A/C",0.34375
"100037241-6-T/A",0.40625
"100037241-9-A/T",0.25
"100037241-16-T/C",0.34375
"100037241-26-T/C",0.28125
"100037241-60-C/T",0.21875
"100037241-66-C/T",0.1875
"100037272-10-C/G",0.40625
"100037279-41-A/T",0.40625
"100037284-58-T/C",0.28125
"100037289-10-G/C",0.21875
"100037289-16-G/T",0.3125
"100037289-19-C/A",0.3125
"100037289-22-T/G",0.3125
"100037296-25-C/A",0.25
"100037308-10-A/C",0.21875
"100037312-16-C/T",0.40625
"100037308-25-G/C",0.40625
"100037308-30-A/G",0.3125
"100037308-41-G/A",0.28125
"100037308-44-C/T",0.28125
"100037308-58-T/G",0.34375
"100037312-63-A/T",0.4375
"100037323-7-A/G",0.34375
"100037325-11-C/A",0.34375
"100037323-38-G/A",0.46875
"100037323-41-G/A",0.40625
"100037323-52-C/T",0.28125
"100037323-56-A/T",0.28125
"100037323-58-T/C",0.28125
"100037323-59-T/A",0.21875
"100037323-61-C/A",0.1875
"100037333-63-T/G",0.15625
"100037323-68-T/A",0.3125
"100037340-14-G/A",0.1875
"100037341-19-G/A",0.3125
"100037343-23-G/A",0.28125
"100037346-29-A/G",0.3125
"100037348-36-C/A",0.28125
"100037349-39-C/T",0.34375
"100037355-64-C/T",0.21875
"100037360-9-T/G",0.25
"100037361-12-G/T",0.1875
"100037362-24-T/A",0.34375
"100037364-42-A/C",0.28125
"100037365-47-T/G",0.25
"100037392-13-G/A",0.15625
"100037392-18-C/T",0.28125
"100037392-22-C/A",0.21875
"100037392-29-A/G",0.34375
"100037396-32-A/C",0.34375
"100037392-43-G/A",0.53125
"100037392-56-A/T",0.34375
"100037392-63-C/G",0.3125
"100037392-66-G/A",0.25
"100037403-8-T/A",0.5
"100037407-15-A/G",0.34375
"100037403-19-T/G",0.34375
"100037410-21-A/G",0.40625
"100037409-30-T/G",0.34375
"100037416-46-T/A",0.40625
"100037403-49-A/G",0.375
"100037418-54-T/C",0.3125
"100037403-56-G/A",0.1875
"100037403-59-C/G",0.34375
"100037403-68-C/A",0.1875
"100037421-9-A/G",0.40625
"100037421-10-A/C",0.46875
"100037421-14-G/A",0.40625
"100037421-16-A/C",0.40625
"100037421-19-A/G",0.34375
"100037424-20-C/A",0.21875
"100037421-22-T/C",0.34375
"100037427-31-T/A",0.34375
"100037421-36-G/C",0.25
"100037424-42-G/T",0.25
"100037421-45-T/A",0.3125
"100037421-58-T/A",0.34375
"100037421-62-A/G",0.28125
"100037471-25-C/T",0.40625
"100037471-26-T/C",0.34375
"100037471-36-A/G",0.15625
"100037471-41-T/C",0.3125
"100037471-47-A/G",0.3125
"100037471-56-G/A",0.40625
"100037471-60-A/G",0.28125
"100037471-63-T/A",0.40625
"100037484-6-A/C",0.40625
"100037484-13-G/A",0.28125
"100037484-30-A/C",0.28125
"100037484-32-G/C",0.25
"100037484-36-A/T",0.3125
"100037496-41-C/T",0.40625
"100037484-44-A/G",0.15625
"100037499-54-A/G",0.3125
"100037484-60-C/G",0.40625
"100037484-62-G/T",0.25
"100037506-9-C/A",0.34375
"100037507-10-A/C",0.34375
"100037514-54-C/A",0.25
"100037515-63-A/C",0.375
"100037519-6-C/A",0.46875
"100037520-11-A/T",0.28125
"100037529-10-A/G",0.25
"100037532-24-C/T",0.34375
"100037536-31-A/C",0.40625
"100037537-36-A/C",0.1875
"100037539-44-T/G",0.375
"100037540-48-C/A",0.34375
"100037541-50-T/C",0.53125
"100037542-54-G/T",0.1875
"100037543-56-A/C",0.28125
"100037545-59-T/C",0.28125
"100037546-64-G/A",0.28125
"100037553-10-A/G",0.40625
"100037553-16-C/A",0.375
"100037553-22-G/T",0.25
"100037553-27-A/G",0.5
"100037553-29-A/T",0.25
"100037553-44-G/C",0.375
"100037553-63-T/G",0.40625
"100037553-68-T/A",0.1875
"100037573-15-G/A",0.375
"100037575-21-G/A",0.375
"100037576-26-G/A",0.375
"100037579-37-T/C",0.3125
"100037581-51-G/A",0.25
"100037582-61-C/A",0.375
"100037588-6-G/A",0.3125
"100037593-22-A/C",0.4375
"100037593-23-A/G",0.4375
"100037593-27-A/T",0.3125
"100037593-32-C/A",0.28125
"100037596-40-G/A",0.1875
"100037593-45-G/A",0.40625
"100037593-51-G/A",0.40625
"100037593-55-A/C",0.1875
"100037597-56-G/A",0.3125
"100037593-58-A/G",0.3125
"100037593-65-A/G",0.375
"100037610-15-A/C",0.15625
"100037612-19-A/G",0.4375
"100037636-44-C/T",0.3125
"100037646-16-G/C",0.15625
"100037649-25-G/C",0.1875
"100037650-28-G/A",0.21875
"100037655-37-T/C",0.25
"100037658-45-G/A",0.28125
"100037660-54-T/C",0.3125
"100037662-58-A/G",0.40625
"100037666-9-G/A",0.3125
"100037667-10-C/A",0.1875
"100037671-17-G/T",0.28125
"100037676-27-A/C",0.21875
"100037675-30-T/A",0.28125
"100037680-5-G/A",0.34375
"100037680-6-A/G",0.28125
"100037680-7-A/G",0.34375
"100037680-10-G/T",0.25
"100037681-11-A/G",0.4375
"100037684-16-G/A",0.28125
"100037680-19-G/A",0.3125
"100037680-27-C/T",0.25
"100037688-33-A/T",0.1875
"100037680-37-A/G",0.28125
"100037680-45-C/A",0.3125
"100037680-49-T/C",0.3125
"100037680-54-T/C",0.21875
"100037680-56-T/A",0.28125
"100037701-22-G/T",0.375
"100037705-32-A/C",0.40625
"100037707-36-G/T",0.375
"100037710-43-G/A",0.25
"100037711-46-A/G",0.21875
"100037714-56-C/A",0.21875
"100037715-58-A/T",0.3125
"100037753-11-G/T",0.40625
"100037754-16-T/C",0.28125
"100037755-19-C/A",0.21875
"100037752-44-G/A",0.1875
"100037752-49-C/T",0.25
"100037765-51-A/C",0.1875
"100037766-55-A/G",0.28125
"100037767-56-A/G",0.375
"100037752-67-T/C",0.375
"100037772-7-T/C",0.46875
"100037772-16-C/T",0.25
"100037772-22-A/T",0.28125
"100037781-24-T/C",0.46875
"100037782-26-C/T",0.21875
"100037772-30-A/T",0.25
"100037785-32-G/A",0.1875
"100037787-36-G/A",0.28125
"100037773-44-C/G",0.40625
"100037772-47-C/T",0.25
"100037792-48-C/T",0.28125
"100037772-64-C/A",0.25
"100037772-68-C/A",0.375
"100037806-29-C/A",0.1875
"100037818-8-A/G",0.4375
"100037819-10-A/G",0.34375
"100037823-19-G/C",0.25
"100037825-22-C/T",0.5625
"100037832-35-T/C",0.15625
"100037835-42-T/A",0.375
"100037840-58-G/A",0.46875
"100037841-59-A/G",0.21875
"100037848-20-T/G",0.40625
"100037857-8-T/G",0.34375
"100037857-17-C/T",0.375
"100037857-19-C/A",0.40625
"100037857-21-A/G",0.375
"100037864-39-A/G",0.28125
"100037857-45-T/A",0.21875
"100037868-58-T/C",0.21875
"100037857-59-T/G",0.375
"100037857-63-G/A",0.25
"100037869-65-C/T",0.4375
"100037876-10-C/G",0.34375
"100037880-16-A/T",0.375
"100037881-19-A/T",0.21875
"100037876-22-C/G",0.5625
"100037888-36-G/C",0.34375
"100037889-39-T/C",0.3125
"100037876-47-G/A",0.53125
"100037876-48-C/T",0.34375
"100037876-49-T/C",0.3125
"100037876-50-A/G",0.28125
"100037892-54-T/G",0.28125
"100037876-56-T/A",0.3125
"100037876-59-G/A",0.28125
"100037876-63-C/T",0.28125
"100037876-66-A/G",0.28125
"100037893-68-T/C",0.4375
"100037899-5-A/G",0.1875
"100037900-6-C/T",0.40625
"100037901-8-C/T",0.15625
"100037902-10-A/G",0.3125
"100037905-14-C/T",0.34375
"100037899-22-C/T",0.375
"100037909-28-T/G",0.21875
"100037911-32-T/C",0.21875
"100037913-40-A/G",0.34375
"100037914-41-C/G",0.375
"100037916-45-A/C",0.28125
"100037919-51-C/T",0.21875
"100037899-54-A/T",0.5
"100037899-64-C/T",0.40625
"100037920-65-T/C",0.1875
"100037928-8-G/T",0.28125
"100037931-15-A/G",0.1875
"100037934-20-C/A",0.28125
"100037935-21-C/T",0.28125
"100037938-28-A/T",0.1875
"100037944-45-C/A",0.28125
"100037956-8-A/G",0.28125
"100037958-10-G/A",0.4375
"100037961-15-G/T",0.28125
"100037958-21-A/G",0.34375
"100037961-22-G/A",0.40625
"100037961-25-G/A",0.34375
"100037961-33-T/A",0.3125
"100037961-41-G/C",0.25
"100037961-56-C/G",0.4375
"100037961-58-A/C",0.3125
"100037961-59-C/G",0.28125
"100037961-64-T/A",0.40625
"100037961-66-C/T",0.34375
"100037958-68-T/A",0.28125
"100037974-8-G/C",0.3125
"100037975-10-G/A",0.28125
"100037980-15-A/G",0.34375
"100037989-32-G/A",0.28125
"100037993-41-A/G",0.25
"100037994-50-C/T",0.15625
"100037995-51-G/A",0.3125
"100037996-54-C/A",0.3125
"100038010-22-G/A",0.3125
"100038011-24-T/G",0.21875
"100038012-25-A/G",0.3125
"100038014-29-G/T",0.34375
"100038015-30-T/G",0.09375
"100038038-12-A/G",0.375
"100038039-13-C/T",0.15625
"100038040-16-G/T",0.28125
"100038038-23-C/G",0.34375
"100038039-35-A/G",0.3125
"100038055-15-C/A",0.28125
"100038055-19-C/G",0.34375
"100038055-25-C/G",0.34375
"100038060-34-C/G",0.34375
"100038106-22-G/T",0.53125
"100038106-32-C/A",0.40625
"100038106-36-C/A",0.3125
"100038106-44-G/C",0.375
"100038106-52-G/T",0.4375
"100038123-53-G/C",0.375
"100038106-54-A/G",0.375
"100038106-56-G/C",0.375
"100038106-58-T/A",0.375
"100038133-7-G/A",0.34375
"100038133-16-C/A",0.1875
"100038133-21-C/T",0.3125
"100038133-36-T/G",0.375
"100038133-37-A/G",0.34375
"100038133-38-G/A",0.125
"100038133-39-C/T",0.34375
"100038133-45-G/A",0.40625
"100038133-59-C/A",0.09375
"100038155-60-G/A",0.40625
"100038162-9-T/G",0.3125
"100038162-14-G/T",0.375
"100038162-16-C/A",0.4375
"100038162-19-C/G",0.34375
"100038162-21-G/C",0.375
"100038162-24-G/C",0.25
"100038162-32-G/A",0.46875
"100038162-38-A/T",0.28125
"100038162-40-C/T",0.1875
"100038162-54-T/A",0.34375
"100038162-56-T/A",0.40625
"100038162-63-T/A",0.28125
"100038178-6-A/T",0.4375
"100038178-10-G/T",0.21875
"100038178-16-T/A",0.3125
"100038178-22-G/T",0.375
"100038178-23-C/A",0.21875
"100038178-40-T/C",0.25
"100038178-42-G/T",0.21875
"100038178-44-C/A",0.4375
"100038178-45-C/A",0.5
"100038188-56-A/C",0.40625
"100038199-10-G/A",0.28125
"100038201-12-C/T",0.34375
"100038201-15-C/A",0.4375
"100038201-24-A/G",0.4375
"100038201-25-G/C",0.28125
"100038201-30-G/A",0.34375
"100038201-35-G/A",0.40625
"100038201-40-C/T",0.1875
"100038201-43-A/C",0.375
"100038201-44-C/G",0.40625
"100038201-50-T/C",0.375
"100038201-51-C/A",0.21875
"100038201-54-C/A",0.28125
"100038211-60-T/C",0.28125
"100038201-67-C/T",0.46875
"100038201-68-G/A",0.1875
"100038221-7-T/C",0.34375
"100038223-9-T/G",0.34375
"100038224-10-A/T",0.28125
"100038221-15-G/T",0.25
"100038221-22-C/T",0.40625
"100038221-37-A/T",0.34375
"100038240-44-A/C",0.21875
"100038241-45-G/C",0.28125
"100038221-59-C/G",0.375
"100038253-7-A/G",0.21875
"100038254-8-T/A",0.40625
"100038257-16-G/T",0.21875
"100038257-19-G/T",0.21875
"100038257-25-G/A",0.25
"100038257-40-G/A",0.3125
"100038257-41-C/A",0.3125
"100038257-44-G/T",0.3125
"100038268-56-A/C",0.25
"100038269-58-G/A",0.34375
"100038270-63-A/C",0.34375
"100038274-14-T/A",0.3125
"100038274-15-A/G",0.21875
"100038274-16-C/A",0.40625
"100038274-22-C/G",0.3125
"100038282-40-G/A",0.34375
"100038283-41-G/C",0.34375
"100038274-56-G/A",0.28125
"100038274-57-A/G",0.375
"100038274-59-G/C",0.40625
"100038274-64-G/A",0.28125
"100038297-6-T/G",0.5
"100038297-9-T/C",0.28125
"100038297-12-T/G",0.375
"100038297-23-C/A",0.34375
"100038297-34-G/A",0.28125
"100038307-35-T/C",0.34375
"100038297-59-G/A",0.15625
"100038297-60-A/G",0.34375
"100038319-7-T/C",0.28125
"100038329-31-G/A",0.28125
"100038333-45-C/T",0.34375
"100038336-60-A/G",0.34375
"100038339-66-A/G",0.28125
"100038352-25-T/C",0.21875
"100038356-43-T/C",0.375
"100038357-48-G/A",0.21875
"100038360-57-C/A",0.46875
"100038362-65-G/A",0.25
"100038369-26-A/C",0.3125
"100038392-7-G/T",0.1875
"100038393-8-C/A",0.125
"100038392-10-G/C",0.28125
"100038393-22-G/A",0.28125
"100038393-29-A/G",0.375
"100038406-34-G/T",0.21875
"100038408-40-T/C",0.28125
"100038392-55-G/T",0.125
"100038392-59-C/A",0.21875
"100038392-60-C/T",0.34375
"100038426-10-G/A",0.3125
"100038426-22-T/A",0.3125
"100038426-27-G/A",0.40625
"100038426-30-T/G",0.375
"100038426-32-T/C",0.34375
"100038426-44-T/C",0.25
"100038426-47-C/T",0.4375
"100038426-55-A/C",0.3125
"100038426-56-G/A",0.21875
"100038426-63-G/T",0.21875
"100038426-66-T/C",0.25
"100038452-19-T/A",0.40625
"100038453-20-A/C",0.34375
"100038455-24-A/G",0.34375
"100038474-6-C/T",0.3125
"100038474-8-C/A",0.28125
"100038474-21-C/A",0.34375
"100038474-25-A/G",0.375
"100038474-37-C/G",0.34375
"100038474-40-C/T",0.25
"100038474-44-G/T",0.28125
"100038474-56-G/T",0.28125
"100038474-60-G/A",0.40625
"100038474-67-T/A",0.5
